TYPE,REASON,TICKER,NAME,ENTRY_DATE,EXIT_DATE,HOLDING_DAYS,ENTRY_PRICE,EXIT_PRICE,SHARES,GROSS_PNL,COSTS,NET_PNL,REGIME
BUY,MONTHLY_REBALANCE,NV20,NV20,2020-08-03,,,5.78,,34598.6159,,20.0,,BULL
BUY,MONTHLY_REBALANCE,JUNIORBEES,JUNIORBEES,2020-08-03,,,279.7,,714.9803,,20.0,,BULL
BUY,MONTHLY_REBALANCE,EBBETF0430,EBBETF0430,2020-08-03,,,1109.54,,180.2369,,20.0,,BULL
BUY,MONTHLY_REBALANCE,MIDCAPIETF,MIDCAPIETF,2020-08-03,,,5.907,,33854.7486,,20.0,,BULL
BUY,MONTHLY_REBALANCE,GOLDBETA,GOLDBETA,2020-08-03,,,49.019,,4079.6426,,20.0,,BULL
SELL,MONTHLY_REBALANCE,NV20,NV20,2020-08-03,2020-09-01,29.0,5.78,5.834,34598.6159,1868.33,20.0,1848.33,BULL
SELL,MONTHLY_REBALANCE,JUNIORBEES,JUNIORBEES,2020-08-03,2020-09-01,29.0,279.7,283.04,714.9803,2388.03,20.0,2368.03,BULL
SELL,MONTHLY_REBALANCE,EBBETF0430,EBBETF0430,2020-08-03,2020-09-01,29.0,1109.54,1095.0,180.2369,-2620.64,20.0,-2640.64,BULL
SELL,MONTHLY_REBALANCE,MIDCAPIETF,MIDCAPIETF,2020-08-03,2020-09-01,29.0,5.907,6.445,33854.7486,18213.85,20.0,18193.85,BULL
SELL,MONTHLY_REBALANCE,GOLDBETA,GOLDBETA,2020-08-03,2020-09-01,29.0,49.019,47.3335,4079.6426,-6876.24,20.0,-6896.24,BULL
BUY,MONTHLY_REBALANCE,MIDCAPIETF,MIDCAPIETF,2020-09-01,,,6.445,,31425.084,,20.0,,BULL
BUY,MONTHLY_REBALANCE,MIDSELIETF,MIDSELIETF,2020-09-01,,,6.376,,31765.161,,20.0,,BULL
BUY,MONTHLY_REBALANCE,SBIETFQLTY,SBIETFQLTY,2020-09-01,,,103.5,,1956.8567,,20.0,,BULL
BUY,MONTHLY_REBALANCE,LOWVOLIETF,LOWVOLIETF,2020-09-01,,,9.436,,21464.0384,,20.0,,BULL
BUY,MONTHLY_REBALANCE,HDFCSENSEX,HDFCSENSEX,2020-09-01,,,41.2927,,4904.854,,20.0,,BULL
SELL,MONTHLY_REBALANCE,MIDCAPIETF,MIDCAPIETF,2020-09-01,2020-10-01,30.0,6.445,6.53,31425.084,2671.13,20.0,2651.13,BULL
SELL,MONTHLY_REBALANCE,MIDSELIETF,MIDSELIETF,2020-09-01,2020-10-01,30.0,6.376,6.544,31765.161,5336.55,20.0,5316.55,BULL
SELL,MONTHLY_REBALANCE,SBIETFQLTY,SBIETFQLTY,2020-09-01,2020-10-01,30.0,103.5,106.96,1956.8567,6770.72,20.0,6750.72,BULL
SELL,MONTHLY_REBALANCE,LOWVOLIETF,LOWVOLIETF,2020-09-01,2020-10-01,30.0,9.436,9.658,21464.0384,4765.02,20.0,4745.02,BULL
SELL,MONTHLY_REBALANCE,HDFCSENSEX,HDFCSENSEX,2020-09-01,2020-10-01,30.0,41.2927,40.9777,4904.854,-1545.03,20.0,-1565.03,BULL
BUY,MONTHLY_REBALANCE,NV20IETF,NV20IETF,2020-10-01,,,5.836,,35314.3154,,20.0,,BULL
BUY,MONTHLY_REBALANCE,LOWVOLIETF,LOWVOLIETF,2020-10-01,,,9.658,,21339.2364,,20.0,,BULL
BUY,MONTHLY_REBALANCE,SBIETFQLTY,SBIETFQLTY,2020-10-01,,,106.96,,1926.8357,,20.0,,BULL
BUY,MONTHLY_REBALANCE,MIDCAPIETF,MIDCAPIETF,2020-10-01,,,6.53,,31561.1554,,20.0,,BULL
BUY,MONTHLY_REBALANCE,HDFCSENSEX,HDFCSENSEX,2020-10-01,,,40.9777,,5029.4269,,20.0,,BULL
SELL,MONTHLY_REBALANCE,NV20IETF,NV20IETF,2020-10-01,2020-11-02,32.0,5.836,5.964,35314.3154,4520.23,20.0,4500.23,BULL
SELL,MONTHLY_REBALANCE,LOWVOLIETF,LOWVOLIETF,2020-10-01,2020-11-02,32.0,9.658,9.931,21339.2364,5825.61,20.0,5805.61,BULL
SELL,MONTHLY_REBALANCE,SBIETFQLTY,SBIETFQLTY,2020-10-01,2020-11-02,32.0,106.96,106.5,1926.8357,-886.34,20.0,-906.34,BULL
SELL,MONTHLY_REBALANCE,MIDCAPIETF,MIDCAPIETF,2020-10-01,2020-11-02,32.0,6.53,6.55,31561.1554,631.22,20.0,611.22,BULL
SELL,MONTHLY_REBALANCE,HDFCSENSEX,HDFCSENSEX,2020-10-01,2020-11-02,32.0,40.9777,42.6364,5029.4269,8342.31,20.0,8322.31,BULL
BUY,MONTHLY_REBALANCE,MIDSELIETF,MIDSELIETF,2020-11-02,,,6.531,,32114.6764,,20.0,,BULL
BUY,MONTHLY_REBALANCE,HDFCSENSEX,HDFCSENSEX,2020-11-02,,,42.6364,,4919.2932,,20.0,,BULL
BUY,MONTHLY_REBALANCE,MIDCAPIETF,MIDCAPIETF,2020-11-02,,,6.55,,32021.5193,,20.0,,BULL
BUY,MONTHLY_REBALANCE,SBIETFQLTY,SBIETFQLTY,2020-11-02,,,106.5,,1969.3986,,20.0,,BULL
BUY,MONTHLY_REBALANCE,LOWVOLIETF,LOWVOLIETF,2020-11-02,,,9.931,,21119.8219,,20.0,,BULL
SELL,MONTHLY_REBALANCE,MIDSELIETF,MIDSELIETF,2020-11-02,2020-12-01,29.0,6.531,7.446,32114.6764,29384.93,20.0,29364.93,BULL
SELL,MONTHLY_REBALANCE,HDFCSENSEX,HDFCSENSEX,2020-11-02,2020-12-01,29.0,42.6364,47.25,4919.2932,22695.65,20.0,22675.65,BULL
SELL,MONTHLY_REBALANCE,MIDCAPIETF,MIDCAPIETF,2020-11-02,2020-12-01,29.0,6.55,7.595,32021.5193,33462.49,20.0,33442.49,BULL
SELL,MONTHLY_REBALANCE,SBIETFQLTY,SBIETFQLTY,2020-11-02,2020-12-01,29.0,106.5,114.6,1969.3986,15952.13,20.0,15932.13,BULL
SELL,MONTHLY_REBALANCE,LOWVOLIETF,LOWVOLIETF,2020-11-02,2020-12-01,29.0,9.931,10.629,21119.8219,14741.64,20.0,14721.64,BULL
BUY,MONTHLY_REBALANCE,SETFNIF50,SETFNIF50,2020-12-01,,,132.2203,,1761.8196,,20.0,,BULL
BUY,MONTHLY_REBALANCE,LOWVOLIETF,LOWVOLIETF,2020-12-01,,,10.629,,21916.2967,,20.0,,BULL
BUY,MONTHLY_REBALANCE,MIDCAPIETF,MIDCAPIETF,2020-12-01,,,7.595,,30671.2729,,20.0,,BULL
BUY,MONTHLY_REBALANCE,HDFCSENSEX,HDFCSENSEX,2020-12-01,,,47.25,,4930.1231,,20.0,,BULL
BUY,MONTHLY_REBALANCE,JUNIORBEES,JUNIORBEES,2020-12-01,,,321.77,,723.9591,,20.0,,BULL
SELL,MONTHLY_REBALANCE,SETFNIF50,SETFNIF50,2020-12-01,2021-01-01,31.0,132.2203,141.6639,1761.8196,16637.92,20.0,16617.92,BULL
SELL,MONTHLY_REBALANCE,LOWVOLIETF,LOWVOLIETF,2020-12-01,2021-01-01,31.0,10.629,11.419,21916.2967,17313.87,20.0,17293.87,BULL
SELL,MONTHLY_REBALANCE,MIDCAPIETF,MIDCAPIETF,2020-12-01,2021-01-01,31.0,7.595,8.027,30671.2729,13249.99,20.0,13229.99,BULL
SELL,MONTHLY_REBALANCE,HDFCSENSEX,HDFCSENSEX,2020-12-01,2021-01-01,31.0,47.25,51.0232,4930.1231,18602.34,20.0,18582.34,BULL
SELL,MONTHLY_REBALANCE,JUNIORBEES,JUNIORBEES,2020-12-01,2021-01-01,31.0,321.77,342.19,723.9591,14783.24,20.0,14763.24,BULL
BUY,MONTHLY_REBALANCE,SETFNIF50,SETFNIF50,2021-01-01,,,141.6639,,1757.8634,,20.0,,BULL
BUY,MONTHLY_REBALANCE,LOWVOLIETF,LOWVOLIETF,2021-01-01,,,11.419,,21808.021,,20.0,,BULL
BUY,MONTHLY_REBALANCE,HDFCSENSEX,HDFCSENSEX,2021-01-01,,,51.0232,,4880.6384,,20.0,,BULL
BUY,MONTHLY_REBALANCE,JUNIORBEES,JUNIORBEES,2021-01-01,,,342.19,,727.7413,,20.0,,BULL
BUY,MONTHLY_REBALANCE,BANKBEES,BANKBEES,2021-01-01,,,313.65,,793.9608,,20.0,,BULL
SELL,TSL_HIT (11.4% from peak),HDFCSENSEX,HDFCSENSEX,2021-01-01,2021-01-28,27.0,51.0232,49.7409,4880.6384,-6258.44,20.0,-6278.44,BULL
SELL,MONTHLY_REBALANCE,SETFNIF50,SETFNIF50,2021-01-01,2021-02-01,31.0,141.6639,144.1101,1757.8634,4300.09,20.0,4280.09,PARTIAL
SELL,MONTHLY_REBALANCE,LOWVOLIETF,LOWVOLIETF,2021-01-01,2021-02-01,31.0,11.419,11.483,21808.021,1395.71,20.0,1375.71,PARTIAL
SELL,MONTHLY_REBALANCE,JUNIORBEES,JUNIORBEES,2021-01-01,2021-02-01,31.0,342.19,341.85,727.7413,-247.43,20.0,-267.43,PARTIAL
SELL,MONTHLY_REBALANCE,BANKBEES,BANKBEES,2021-01-01,2021-02-01,31.0,313.65,332.97,793.9608,15339.32,20.0,15319.32,PARTIAL
BUY,MONTHLY_REBALANCE,AXISNIFTY,AXISNIFTY,2021-02-01,,,145.76,,1728.1991,,20.0,,PARTIAL
BUY,MONTHLY_REBALANCE,MIDCAPIETF,MIDCAPIETF,2021-02-01,,,8.149,,30912.0507,,20.0,,PARTIAL
BUY,MONTHLY_REBALANCE,BANKBEES,BANKBEES,2021-02-01,,,332.97,,756.5315,,20.0,,PARTIAL
SELL,MONTHLY_REBALANCE,AXISNIFTY,AXISNIFTY,2021-02-01,2021-03-01,28.0,145.76,153.93,1728.1991,14119.39,20.0,14099.39,BULL
SELL,MONTHLY_REBALANCE,MIDCAPIETF,MIDCAPIETF,2021-02-01,2021-03-01,28.0,8.149,9.0,30912.0507,26306.16,20.0,26286.16,BULL
SELL,MONTHLY_REBALANCE,BANKBEES,BANKBEES,2021-02-01,2021-03-01,28.0,332.97,354.96,756.5315,16636.13,20.0,16616.13,BULL
BUY,MONTHLY_REBALANCE,MIDCAPIETF,MIDCAPIETF,2021-03-01,,,9.0,,29265.9017,,20.0,,BULL
BUY,MONTHLY_REBALANCE,MID150BEES,MID150BEES,2021-03-01,,,90.39,,2913.963,,20.0,,BULL
BUY,MONTHLY_REBALANCE,PSUBANK,PSUBANK,2021-03-01,,,232.36,,1133.5562,,20.0,,BULL
BUY,MONTHLY_REBALANCE,JUNIORBEES,JUNIORBEES,2021-03-01,,,361.41,,728.7931,,20.0,,BULL
BUY,MONTHLY_REBALANCE,INFRABEES,INFRABEES,2021-03-01,,,434.47,,606.2401,,20.0,,BULL
SELL,TSL_HIT (12.1% from peak),PSUBANK,PSUBANK,2021-03-01,2021-03-18,17.0,232.36,212.55,1133.5562,-22455.75,20.0,-22475.75,BULL
SELL,MONTHLY_REBALANCE,MIDCAPIETF,MIDCAPIETF,2021-03-01,2021-04-01,31.0,9.0,9.296,29265.9017,8662.71,20.0,8642.71,BULL
SELL,MONTHLY_REBALANCE,MID150BEES,MID150BEES,2021-03-01,2021-04-01,31.0,90.39,92.5,2913.963,6148.46,20.0,6128.46,BULL
SELL,MONTHLY_REBALANCE,JUNIORBEES,JUNIORBEES,2021-03-01,2021-04-01,31.0,361.41,362.9,728.7931,1085.9,20.0,1065.9,BULL
SELL,MONTHLY_REBALANCE,INFRABEES,INFRABEES,2021-03-01,2021-04-01,31.0,434.47,430.31,606.2401,-2521.96,20.0,-2541.96,BULL
BUY,MONTHLY_REBALANCE,MID150BEES,MID150BEES,2021-04-01,,,92.5,,2827.6553,,20.0,,BULL
BUY,MONTHLY_REBALANCE,MIDCAPIETF,MIDCAPIETF,2021-04-01,,,9.296,,28136.6301,,20.0,,BULL
BUY,MONTHLY_REBALANCE,PSUBANK,PSUBANK,2021-04-01,,,217.55,,1202.2897,,20.0,,BULL
BUY,MONTHLY_REBALANCE,INFRABEES,INFRABEES,2021-04-01,,,430.31,,607.8365,,20.0,,BULL
BUY,MONTHLY_REBALANCE,JUNIORBEES,JUNIORBEES,2021-04-01,,,362.9,,720.7443,,20.0,,BULL
SELL,TSL_HIT (12.6% from peak),PSUBANK,PSUBANK,2021-04-01,2021-04-19,18.0,217.55,190.17,1202.2897,-32918.69,20.0,-32938.69,BULL
SELL,MONTHLY_REBALANCE,MID150BEES,MID150BEES,2021-04-01,2021-05-03,32.0,92.5,92.4,2827.6553,-282.77,20.0,-302.77,BULL
SELL,MONTHLY_REBALANCE,MIDCAPIETF,MIDCAPIETF,2021-04-01,2021-05-03,32.0,9.296,9.216,28136.6301,-2250.93,20.0,-2270.93,BULL
SELL,MONTHLY_REBALANCE,INFRABEES,INFRABEES,2021-04-01,2021-05-03,32.0,430.31,420.4,607.8365,-6023.66,20.0,-6043.66,BULL
SELL,MONTHLY_REBALANCE,JUNIORBEES,JUNIORBEES,2021-04-01,2021-05-03,32.0,362.9,366.46,720.7443,2565.85,20.0,2545.85,BULL
BUY,MONTHLY_REBALANCE,MID150BEES,MID150BEES,2021-05-03,,,92.4,,2746.2784,,20.0,,BULL
BUY,MONTHLY_REBALANCE,MIDCAPIETF,MIDCAPIETF,2021-05-03,,,9.216,,27534.3014,,20.0,,BULL
BUY,MONTHLY_REBALANCE,CPSEETF,CPSEETF,2021-05-03,,,23.13,,10970.8656,,20.0,,BULL
BUY,MONTHLY_REBALANCE,JUNIORBEES,JUNIORBEES,2021-05-03,,,366.46,,692.4524,,20.0,,BULL
BUY,MONTHLY_REBALANCE,INFRABEES,INFRABEES,2021-05-03,,,420.4,,603.6064,,20.0,,BULL
SELL,MONTHLY_REBALANCE,MID150BEES,MID150BEES,2021-05-03,2021-06-01,29.0,92.4,98.13,2746.2784,15736.18,20.0,15716.18,BULL
SELL,MONTHLY_REBALANCE,MIDCAPIETF,MIDCAPIETF,2021-05-03,2021-06-01,29.0,9.216,9.742,27534.3014,14483.04,20.0,14463.04,BULL
SELL,MONTHLY_REBALANCE,CPSEETF,CPSEETF,2021-05-03,2021-06-01,29.0,23.13,25.01,10970.8656,20625.23,20.0,20605.23,BULL
SELL,MONTHLY_REBALANCE,JUNIORBEES,JUNIORBEES,2021-05-03,2021-06-01,29.0,366.46,394.21,692.4524,19215.56,20.0,19195.56,BULL
SELL,MONTHLY_REBALANCE,INFRABEES,INFRABEES,2021-05-03,2021-06-01,29.0,420.4,446.96,603.6064,16031.79,20.0,16011.79,BULL
BUY,MONTHLY_REBALANCE,LICNETFN50,LICNETFN50,2021-06-01,,,195.91,,1382.9538,,20.0,,BULL
BUY,MONTHLY_REBALANCE,MIDCAPIETF,MIDCAPIETF,2021-06-01,,,9.742,,27810.9709,,20.0,,BULL
BUY,MONTHLY_REBALANCE,LOWVOLIETF,LOWVOLIETF,2021-06-01,,,12.686,,21356.9666,,20.0,,BULL
BUY,MONTHLY_REBALANCE,JUNIORBEES,JUNIORBEES,2021-06-01,,,394.21,,687.2846,,20.0,,BULL
BUY,MONTHLY_REBALANCE,SBIETFQLTY,SBIETFQLTY,2021-06-01,,,134.22,,2018.585,,20.0,,BULL
SELL,MONTHLY_REBALANCE,LICNETFN50,LICNETFN50,2021-06-01,2021-07-01,30.0,195.91,200.62,1382.9538,6513.71,20.0,6493.71,BULL
SELL,MONTHLY_REBALANCE,MIDCAPIETF,MIDCAPIETF,2021-06-01,2021-07-01,30.0,9.742,10.278,27810.9709,14906.68,20.0,14886.68,BULL
SELL,MONTHLY_REBALANCE,LOWVOLIETF,LOWVOLIETF,2021-06-01,2021-07-01,30.0,12.686,12.964,21356.9666,5937.24,20.0,5917.24,BULL
SELL,MONTHLY_REBALANCE,JUNIORBEES,JUNIORBEES,2021-06-01,2021-07-01,30.0,394.21,403.25,687.2846,6213.05,20.0,6193.05,BULL
SELL,MONTHLY_REBALANCE,SBIETFQLTY,SBIETFQLTY,2021-06-01,2021-07-01,30.0,134.22,138.91,2018.585,9467.16,20.0,9447.16,BULL
BUY,MONTHLY_REBALANCE,LICNETFN50,LICNETFN50,2021-07-01,,,200.62,,1393.1913,,20.0,,BULL
BUY,MONTHLY_REBALANCE,MIDCAPIETF,MIDCAPIETF,2021-07-01,,,10.278,,27194.2059,,20.0,,BULL
BUY,MONTHLY_REBALANCE,LOWVOLIETF,LOWVOLIETF,2021-07-01,,,12.964,,21559.8618,,20.0,,BULL
BUY,MONTHLY_REBALANCE,JUNIORBEES,JUNIORBEES,2021-07-01,,,403.25,,693.1235,,20.0,,BULL
BUY,MONTHLY_REBALANCE,ITBEES,ITBEES,2021-07-01,,,29.47,,9484.2907,,20.0,,BULL
SELL,TSL_HIT (17.1% from peak),LICNETFN50,LICNETFN50,2021-07-01,2021-07-30,29.0,200.62,168.36,1393.1913,-44944.35,20.0,-44964.35,BULL
SELL,MONTHLY_REBALANCE,MIDCAPIETF,MIDCAPIETF,2021-07-01,2021-08-02,32.0,10.278,10.708,27194.2059,11693.51,20.0,11673.51,BULL
SELL,MONTHLY_REBALANCE,LOWVOLIETF,LOWVOLIETF,2021-07-01,2021-08-02,32.0,12.964,13.118,21559.8618,3320.22,20.0,3300.22,BULL
SELL,MONTHLY_REBALANCE,JUNIORBEES,JUNIORBEES,2021-07-01,2021-08-02,32.0,403.25,416.48,693.1235,9170.02,20.0,9150.02,BULL
SELL,MONTHLY_REBALANCE,ITBEES,ITBEES,2021-07-01,2021-08-02,32.0,29.47,31.33,9484.2907,17640.78,20.0,17620.78,BULL
BUY,MONTHLY_REBALANCE,MID150BEES,MID150BEES,2021-08-02,,,107.5,,2593.8426,,20.0,,BULL
BUY,MONTHLY_REBALANCE,SBIETFQLTY,SBIETFQLTY,2021-08-02,,,142.74,,1953.4684,,20.0,,BULL
BUY,MONTHLY_REBALANCE,MIDCAPIETF,MIDCAPIETF,2021-08-02,,,10.708,,26040.1647,,20.0,,BULL
BUY,MONTHLY_REBALANCE,JUNIORBEES,JUNIORBEES,2021-08-02,,,416.48,,669.5113,,20.0,,BULL
BUY,MONTHLY_REBALANCE,ITBEES,ITBEES,2021-08-02,,,31.33,,8900.0346,,20.0,,BULL
SELL,MONTHLY_REBALANCE,MID150BEES,MID150BEES,2021-08-02,2021-09-01,30.0,107.5,109.34,2593.8426,4772.67,20.0,4752.67,BULL
SELL,MONTHLY_REBALANCE,SBIETFQLTY,SBIETFQLTY,2021-08-02,2021-09-01,30.0,142.74,151.36,1953.4684,16838.9,20.0,16818.9,BULL
SELL,MONTHLY_REBALANCE,MIDCAPIETF,MIDCAPIETF,2021-08-02,2021-09-01,30.0,10.708,10.871,26040.1647,4244.55,20.0,4224.55,BULL
SELL,MONTHLY_REBALANCE,JUNIORBEES,JUNIORBEES,2021-08-02,2021-09-01,30.0,416.48,438.14,669.5113,14501.62,20.0,14481.62,BULL
SELL,MONTHLY_REBALANCE,ITBEES,ITBEES,2021-08-02,2021-09-01,30.0,31.33,34.78,8900.0346,30705.12,20.0,30685.12,BULL
BUY,MONTHLY_REBALANCE,SBIETFIT,SBIETFIT,2021-09-01,,,347.95,,842.1056,,20.0,,BULL
BUY,MONTHLY_REBALANCE,ITBEES,ITBEES,2021-09-01,,,34.78,,8424.6882,,20.0,,BULL
BUY,MONTHLY_REBALANCE,SBIETFQLTY,SBIETFQLTY,2021-09-01,,,151.36,,1935.8526,,20.0,,BULL
BUY,MONTHLY_REBALANCE,LOWVOLIETF,LOWVOLIETF,2021-09-01,,,13.944,,21013.386,,20.0,,BULL
BUY,MONTHLY_REBALANCE,JUNIORBEES,JUNIORBEES,2021-09-01,,,438.14,,668.7603,,20.0,,BULL
SELL,MONTHLY_REBALANCE,SBIETFIT,SBIETFIT,2021-09-01,2021-10-01,30.0,347.95,354.09,842.1056,5170.53,20.0,5150.53,BULL
SELL,MONTHLY_REBALANCE,ITBEES,ITBEES,2021-09-01,2021-10-01,30.0,34.78,35.43,8424.6882,5476.05,20.0,5456.05,BULL
SELL,MONTHLY_REBALANCE,SBIETFQLTY,SBIETFQLTY,2021-09-01,2021-10-01,30.0,151.36,155.99,1935.8526,8963.0,20.0,8943.0,BULL
SELL,MONTHLY_REBALANCE,LOWVOLIETF,LOWVOLIETF,2021-09-01,2021-10-01,30.0,13.944,14.432,21013.386,10254.53,20.0,10234.53,BULL
SELL,MONTHLY_REBALANCE,JUNIORBEES,JUNIORBEES,2021-09-01,2021-10-01,30.0,438.14,443.55,668.7603,3617.99,20.0,3597.99,BULL
BUY,MONTHLY_REBALANCE,LOWVOLIETF,LOWVOLIETF,2021-10-01,,,14.432,,20764.0711,,20.0,,BULL
BUY,MONTHLY_REBALANCE,SETFNIF50,SETFNIF50,2021-10-01,,,179.07,,1673.4633,,20.0,,BULL
BUY,MONTHLY_REBALANCE,ITBEES,ITBEES,2021-10-01,,,35.43,,8458.0038,,20.0,,BULL
BUY,MONTHLY_REBALANCE,SBIETFQLTY,SBIETFQLTY,2021-10-01,,,155.99,,1921.0659,,20.0,,BULL
BUY,MONTHLY_REBALANCE,INFRABEES,INFRABEES,2021-10-01,,,519.62,,576.7043,,20.0,,BULL
SELL,MONTHLY_REBALANCE,LOWVOLIETF,LOWVOLIETF,2021-10-01,2021-11-01,31.0,14.432,14.125,20764.0711,-6374.57,20.0,-6394.57,BULL
SELL,MONTHLY_REBALANCE,SETFNIF50,SETFNIF50,2021-10-01,2021-11-01,31.0,179.07,183.31,1673.4633,7095.48,20.0,7075.48,BULL
SELL,MONTHLY_REBALANCE,ITBEES,ITBEES,2021-10-01,2021-11-01,31.0,35.43,35.97,8458.0038,4567.32,20.0,4547.32,BULL
SELL,MONTHLY_REBALANCE,SBIETFQLTY,SBIETFQLTY,2021-10-01,2021-11-01,31.0,155.99,154.49,1921.0659,-2881.6,20.0,-2901.6,BULL
SELL,MONTHLY_REBALANCE,INFRABEES,INFRABEES,2021-10-01,2021-11-01,31.0,519.62,532.95,576.7043,7687.47,20.0,7667.47,BULL
BUY,MONTHLY_REBALANCE,NIFTY1,NIFTY1,2021-11-01,,,189.22,,1594.1544,,20.0,,BULL
BUY,MONTHLY_REBALANCE,HDFCSENSEX,HDFCSENSEX,2021-11-01,,,64.794,,4655.4603,,20.0,,BULL
BUY,MONTHLY_REBALANCE,INFRABEES,INFRABEES,2021-11-01,,,532.95,,565.9929,,20.0,,BULL
BUY,MONTHLY_REBALANCE,ITBEES,ITBEES,2021-11-01,,,35.97,,8386.041,,20.0,,BULL
BUY,MONTHLY_REBALANCE,LOWVOLIETF,LOWVOLIETF,2021-11-01,,,14.125,,21355.4616,,20.0,,BULL
SELL,MONTHLY_REBALANCE,NIFTY1,NIFTY1,2021-11-01,2021-12-01,30.0,189.22,181.09,1594.1544,-12960.48,20.0,-12980.48,BEAR
SELL,MONTHLY_REBALANCE,HDFCSENSEX,HDFCSENSEX,2021-11-01,2021-12-01,30.0,64.794,63.447,4655.4603,-6270.91,20.0,-6290.91,BEAR
SELL,MONTHLY_REBALANCE,INFRABEES,INFRABEES,2021-11-01,2021-12-01,30.0,532.95,517.0,565.9929,-9027.59,20.0,-9047.59,BEAR
SELL,MONTHLY_REBALANCE,ITBEES,ITBEES,2021-11-01,2021-12-01,30.0,35.97,36.32,8386.041,2935.11,20.0,2915.11,BEAR
SELL,MONTHLY_REBALANCE,LOWVOLIETF,LOWVOLIETF,2021-11-01,2021-12-01,30.0,14.125,13.732,21355.4616,-8392.7,20.0,-8412.7,BEAR
BUY,MONTHLY_REBALANCE,MAFANG,MAFANG,2021-12-01,,,58.59,,5032.9166,,20.0,,BEAR
SELL,MONTHLY_REBALANCE,MAFANG,MAFANG,2021-12-01,2022-01-03,33.0,58.59,56.02,5032.9166,-12934.6,20.0,-12954.6,BULL
BUY,MONTHLY_REBALANCE,SBIETFIT,SBIETFIT,2022-01-03,,,400.65,,730.2263,,20.0,,BULL
BUY,MONTHLY_REBALANCE,ITBEES,ITBEES,2022-01-03,,,40.0,,7314.1287,,20.0,,BULL
BUY,MONTHLY_REBALANCE,SBIETFQLTY,SBIETFQLTY,2022-01-03,,,158.36,,1847.4687,,20.0,,BULL
BUY,MONTHLY_REBALANCE,MIDCAPIETF,MIDCAPIETF,2022-01-03,,,11.831,,24728.6914,,20.0,,BULL
BUY,MONTHLY_REBALANCE,AXISGOLD,AXISGOLD,2022-01-03,,,41.76,,7005.8704,,20.0,,BULL
SELL,TSL_HIT (10.4% from peak),SBIETFIT,SBIETFIT,2022-01-03,2022-01-24,21.0,400.65,359.2,730.2263,-30267.88,20.0,-30287.88,BULL
SELL,TSL_HIT (11.0% from peak),ITBEES,ITBEES,2022-01-03,2022-01-24,21.0,40.0,35.73,7314.1287,-31231.33,20.0,-31251.33,BULL
SELL,MONTHLY_REBALANCE,SBIETFQLTY,SBIETFQLTY,2022-01-03,2022-02-01,29.0,158.36,149.5,1847.4687,-16368.57,20.0,-16388.57,PARTIAL
SELL,MONTHLY_REBALANCE,MIDCAPIETF,MIDCAPIETF,2022-01-03,2022-02-01,29.0,11.831,11.677,24728.6914,-3808.22,20.0,-3828.22,PARTIAL
SELL,MONTHLY_REBALANCE,AXISGOLD,AXISGOLD,2022-01-03,2022-02-01,29.0,41.76,41.62,7005.8704,-980.82,20.0,-1000.82,PARTIAL
BUY,MONTHLY_REBALANCE,CPSEETF,CPSEETF,2022-02-01,,,32.65,,8454.0501,,20.0,,PARTIAL
BUY,MONTHLY_REBALANCE,ICICIB22,ICICIB22,2022-02-01,,,48.3,,5714.7979,,20.0,,PARTIAL
BUY,MONTHLY_REBALANCE,PSUBNKBEES,PSUBNKBEES,2022-02-01,,,32.39,,8521.9122,,20.0,,PARTIAL
SELL,TSL_HIT (10.8% from peak),PSUBNKBEES,PSUBNKBEES,2022-02-01,2022-02-22,21.0,32.39,29.85,8521.9122,-21645.66,20.0,-21665.66,PARTIAL
SELL,MONTHLY_REBALANCE,CPSEETF,CPSEETF,2022-02-01,2022-03-02,29.0,32.65,33.17,8454.0501,4396.11,20.0,4376.11,BEAR
SELL,MONTHLY_REBALANCE,ICICIB22,ICICIB22,2022-02-01,2022-03-02,29.0,48.3,47.08,5714.7979,-6972.05,20.0,-6992.05,BEAR
BUY,MONTHLY_REBALANCE,CPSEETF,CPSEETF,2022-03-02,,,33.17,,8178.9758,,20.0,,BEAR
SELL,MONTHLY_REBALANCE,CPSEETF,CPSEETF,2022-03-02,2022-04-01,30.0,33.17,34.51,8178.9758,10959.83,20.0,10939.83,PARTIAL
BUY,MONTHLY_REBALANCE,CPSEETF,CPSEETF,2022-04-01,,,34.51,,7931.6856,,20.0,,PARTIAL
BUY,MONTHLY_REBALANCE,QGOLDHALF,QGOLDHALF,2022-04-01,,,44.32,,6176.0485,,20.0,,PARTIAL
BUY,MONTHLY_REBALANCE,ICICIB22,ICICIB22,2022-04-01,,,49.51,,5528.63,,20.0,,PARTIAL
SELL,MONTHLY_REBALANCE,CPSEETF,CPSEETF,2022-04-01,2022-05-02,31.0,34.51,35.6,7931.6856,8645.54,20.0,8625.54,BEAR
SELL,MONTHLY_REBALANCE,QGOLDHALF,QGOLDHALF,2022-04-01,2022-05-02,31.0,44.32,44.54,6176.0485,1358.73,20.0,1338.73,BEAR
SELL,MONTHLY_REBALANCE,ICICIB22,ICICIB22,2022-04-01,2022-05-02,31.0,49.51,49.23,5528.63,-1548.02,20.0,-1568.02,BEAR
BUY,MONTHLY_REBALANCE,CPSEETF,CPSEETF,2022-05-02,,,35.6,,7739.0946,,20.0,,BEAR
SELL,MONTHLY_REBALANCE,CPSEETF,CPSEETF,2022-05-02,2022-06-01,30.0,35.6,35.08,7739.0946,-4024.33,20.0,-4044.33,BEAR
BUY,MONTHLY_REBALANCE,CPSEETF,CPSEETF,2022-06-01,,,35.08,,7837.8752,,20.0,,BEAR
SELL,TSL_HIT (12.3% from peak),CPSEETF,CPSEETF,2022-06-01,2022-06-20,19.0,35.08,31.44,7837.8752,-28529.87,20.0,-28549.87,BEAR
BUY,MONTHLY_REBALANCE,AUTOBEES,AUTOBEES,2022-07-01,,,118.05,,2283.1479,,20.0,,BEAR
SELL,MONTHLY_REBALANCE,AUTOBEES,AUTOBEES,2022-07-01,2022-08-01,31.0,118.05,130.73,2283.1479,28950.32,20.0,28930.32,PARTIAL
BUY,MONTHLY_REBALANCE,FMCGIETF,FMCGIETF,2022-08-01,,,43.327,,6359.7276,,20.0,,PARTIAL
BUY,MONTHLY_REBALANCE,AUTOBEES,AUTOBEES,2022-08-01,,,130.73,,2107.7635,,20.0,,PARTIAL
BUY,MONTHLY_REBALANCE,SBIETFCON,SBIETFCON,2022-08-01,,,76.73,,3591.1367,,20.0,,PARTIAL
SELL,MONTHLY_REBALANCE,FMCGIETF,FMCGIETF,2022-08-01,2022-09-01,31.0,43.327,44.273,6359.7276,6016.3,20.0,5996.3,BULL
SELL,MONTHLY_REBALANCE,AUTOBEES,AUTOBEES,2022-08-01,2022-09-01,31.0,130.73,134.13,2107.7635,7166.4,20.0,7146.4,BULL
SELL,MONTHLY_REBALANCE,SBIETFCON,SBIETFCON,2022-08-01,2022-09-01,31.0,76.73,80.11,3591.1367,12138.04,20.0,12118.04,BULL
BUY,MONTHLY_REBALANCE,CONSUMBEES,CONSUMBEES,2022-09-01,,,86.77,,3234.9996,,20.0,,BULL
BUY,MONTHLY_REBALANCE,FMCGIETF,FMCGIETF,2022-09-01,,,44.273,,6340.2281,,20.0,,BULL
BUY,MONTHLY_REBALANCE,AUTOIETF,AUTOIETF,2022-09-01,,,13.386,,20969.7383,,20.0,,BULL
BUY,MONTHLY_REBALANCE,JUNIORBEES,JUNIORBEES,2022-09-01,,,461.19,,608.6448,,20.0,,BULL
BUY,MONTHLY_REBALANCE,PSUBNKBEES,PSUBNKBEES,2022-09-01,,,33.59,,8356.6811,,20.0,,BULL
SELL,TSL_HIT (11.1% from peak),PSUBNKBEES,PSUBNKBEES,2022-09-01,2022-09-28,27.0,33.59,31.91,8356.6811,-14039.22,20.0,-14059.22,BULL
SELL,MONTHLY_REBALANCE,CONSUMBEES,CONSUMBEES,2022-09-01,2022-10-03,32.0,86.77,84.33,3234.9996,-7893.4,20.0,-7913.4,PARTIAL
SELL,MONTHLY_REBALANCE,FMCGIETF,FMCGIETF,2022-09-01,2022-10-03,32.0,44.273,44.424,6340.2281,957.37,20.0,937.37,PARTIAL
SELL,MONTHLY_REBALANCE,AUTOIETF,AUTOIETF,2022-09-01,2022-10-03,32.0,13.386,12.539,20969.7383,-17761.37,20.0,-17781.37,PARTIAL
SELL,MONTHLY_REBALANCE,JUNIORBEES,JUNIORBEES,2022-09-01,2022-10-03,32.0,461.19,438.54,608.6448,-13785.81,20.0,-13805.81,PARTIAL
BUY,MONTHLY_REBALANCE,FMCGIETF,FMCGIETF,2022-10-03,,,44.424,,6081.6288,,20.0,,PARTIAL
BUY,MONTHLY_REBALANCE,CONSUMBEES,CONSUMBEES,2022-10-03,,,84.33,,3203.7267,,20.0,,PARTIAL
BUY,MONTHLY_REBALANCE,MIDCAPIETF,MIDCAPIETF,2022-10-03,,,11.83,,22837.7241,,20.0,,PARTIAL
SELL,MONTHLY_REBALANCE,FMCGIETF,FMCGIETF,2022-10-03,2022-11-01,29.0,44.424,45.418,6081.6288,6045.14,20.0,6025.14,BULL
SELL,MONTHLY_REBALANCE,CONSUMBEES,CONSUMBEES,2022-10-03,2022-11-01,29.0,84.33,87.08,3203.7267,8810.25,20.0,8790.25,BULL
SELL,MONTHLY_REBALANCE,MIDCAPIETF,MIDCAPIETF,2022-10-03,2022-11-01,29.0,11.83,12.179,22837.7241,7970.37,20.0,7950.37,BULL
BUY,MONTHLY_REBALANCE,PSUBANK,PSUBANK,2022-11-01,,,341.07,,805.7466,,20.0,,BULL
BUY,MONTHLY_REBALANCE,ICICIB22,ICICIB22,2022-11-01,,,56.33,,4878.6791,,20.0,,BULL
BUY,MONTHLY_REBALANCE,PVTBANIETF,PVTBANIETF,2022-11-01,,,20.952,,13116.4563,,20.0,,BULL
BUY,MONTHLY_REBALANCE,BANKBEES,BANKBEES,2022-11-01,,,417.4,,658.3996,,20.0,,BULL
BUY,MONTHLY_REBALANCE,CPSEETF,CPSEETF,2022-11-01,,,38.78,,7086.5392,,20.0,,BULL
SELL,MONTHLY_REBALANCE,PSUBANK,PSUBANK,2022-11-01,2022-12-01,30.0,341.07,406.6,805.7466,52800.57,20.0,52780.57,BULL
SELL,MONTHLY_REBALANCE,ICICIB22,ICICIB22,2022-11-01,2022-12-01,30.0,56.33,57.32,4878.6791,4829.89,20.0,4809.89,BULL
SELL,MONTHLY_REBALANCE,PVTBANIETF,PVTBANIETF,2022-11-01,2022-12-01,30.0,20.952,21.756,13116.4563,10545.63,20.0,10525.63,BULL
SELL,MONTHLY_REBALANCE,BANKBEES,BANKBEES,2022-11-01,2022-12-01,30.0,417.4,436.7,658.3996,12707.11,20.0,12687.11,BULL
SELL,MONTHLY_REBALANCE,CPSEETF,CPSEETF,2022-11-01,2022-12-01,30.0,38.78,38.64,7086.5392,-992.12,20.0,-1012.12,BULL
BUY,MONTHLY_REBALANCE,PSUBNKBEES,PSUBNKBEES,2022-12-01,,,45.18,,6435.4628,,20.0,,BULL
BUY,MONTHLY_REBALANCE,SETFNIFBK,SETFNIFBK,2022-12-01,,,433.22,,671.1468,,20.0,,BULL
BUY,MONTHLY_REBALANCE,BANKBEES,BANKBEES,2022-12-01,,,436.7,,665.7985,,20.0,,BULL
BUY,MONTHLY_REBALANCE,PVTBANIETF,PVTBANIETF,2022-12-01,,,21.756,,13364.323,,20.0,,BULL
BUY,MONTHLY_REBALANCE,HDFCSENSEX,HDFCSENSEX,2022-12-01,,,68.733,,4230.1982,,20.0,,BULL
SELL,TSL_HIT (14.1% from peak),PSUBNKBEES,PSUBNKBEES,2022-12-01,2022-12-23,22.0,45.18,43.25,6435.4628,-12420.44,20.0,-12440.44,BULL
SELL,MONTHLY_REBALANCE,SETFNIFBK,SETFNIFBK,2022-12-01,2023-01-02,32.0,433.22,432.81,671.1468,-275.17,20.0,-295.17,PARTIAL
SELL,MONTHLY_REBALANCE,BANKBEES,BANKBEES,2022-12-01,2023-01-02,32.0,436.7,437.18,665.7985,319.58,20.0,299.58,PARTIAL
SELL,MONTHLY_REBALANCE,PVTBANIETF,PVTBANIETF,2022-12-01,2023-01-02,32.0,21.756,21.82,13364.323,855.32,20.0,835.32,PARTIAL
SELL,MONTHLY_REBALANCE,HDFCSENSEX,HDFCSENSEX,2022-12-01,2023-01-02,32.0,68.733,66.51,4230.1982,-9403.73,20.0,-9423.73,PARTIAL
BUY,MONTHLY_REBALANCE,PSUBANK,PSUBANK,2023-01-02,,,432.66,,662.3043,,20.0,,PARTIAL
BUY,MONTHLY_REBALANCE,SETFNIFBK,SETFNIFBK,2023-01-02,,,432.81,,662.0748,,20.0,,PARTIAL
BUY,MONTHLY_REBALANCE,BANKBEES,BANKBEES,2023-01-02,,,437.18,,655.4567,,20.0,,PARTIAL
SELL,TSL_HIT (10.9% from peak),PSUBANK,PSUBANK,2023-01-02,2023-01-27,25.0,432.66,388.41,662.3043,-29306.96,20.0,-29326.96,PARTIAL
SELL,MONTHLY_REBALANCE,SETFNIFBK,SETFNIFBK,2023-01-02,2023-02-01,30.0,432.81,406.62,662.0748,-17339.74,20.0,-17359.74,BEAR
SELL,MONTHLY_REBALANCE,BANKBEES,BANKBEES,2023-01-02,2023-02-01,30.0,437.18,410.42,655.4567,-17540.02,20.0,-17560.02,BEAR
BUY,MONTHLY_REBALANCE,GOLDBETA,GOLDBETA,2023-02-01,,,49.3,,5554.4996,,20.0,,BEAR
SELL,MONTHLY_REBALANCE,GOLDBETA,GOLDBETA,2023-02-01,2023-03-01,28.0,49.3,48.0,5554.4996,-7220.85,20.0,-7240.85,BEAR
BUY,MONTHLY_REBALANCE,GOLD1,GOLD1,2023-03-01,,,48.04,,5674.9555,,20.0,,BEAR
SELL,MONTHLY_REBALANCE,GOLD1,GOLD1,2023-03-01,2023-04-03,33.0,48.04,50.84,5674.9555,15889.88,20.0,15869.88,BEAR
BUY,MONTHLY_REBALANCE,MAFANG,MAFANG,2023-04-03,,,50.48,,5468.4219,,20.0,,BEAR
SELL,MONTHLY_REBALANCE,MAFANG,MAFANG,2023-04-03,2023-05-02,29.0,50.48,49.46,5468.4219,-5577.79,20.0,-5597.79,PARTIAL
BUY,MONTHLY_REBALANCE,MAFANG,MAFANG,2023-05-02,,,49.46,,5562.4784,,20.0,,PARTIAL
BUY,MONTHLY_REBALANCE,FMCGIETF,FMCGIETF,2023-05-02,,,49.118,,5601.209,,20.0,,PARTIAL
BUY,MONTHLY_REBALANCE,EBBETF0430,EBBETF0430,2023-05-02,,,1272.63,,216.1824,,20.0,,PARTIAL
SELL,MONTHLY_REBALANCE,MAFANG,MAFANG,2023-05-02,2023-06-01,30.0,49.46,58.57,5562.4784,50674.18,20.0,50654.18,BULL
SELL,MONTHLY_REBALANCE,FMCGIETF,FMCGIETF,2023-05-02,2023-06-01,30.0,49.118,52.512,5601.209,19010.5,20.0,18990.5,BULL
SELL,MONTHLY_REBALANCE,EBBETF0430,EBBETF0430,2023-05-02,2023-06-01,30.0,1272.63,1287.9301,216.1824,3307.61,20.0,3287.61,BULL
BUY,MONTHLY_REBALANCE,MAFANG,MAFANG,2023-06-01,,,58.57,,4948.2564,,20.0,,BULL
BUY,MONTHLY_REBALANCE,FMCGIETF,FMCGIETF,2023-06-01,,,52.512,,5519.1076,,20.0,,BULL
BUY,MONTHLY_REBALANCE,GILT5YBEES,GILT5YBEES,2023-06-01,,,52.48,,5522.4729,,20.0,,BULL
BUY,MONTHLY_REBALANCE,MIDCAPIETF,MIDCAPIETF,2023-06-01,,,12.909,,22450.955,,20.0,,BULL
BUY,MONTHLY_REBALANCE,MOMOMENTUM,MOMOMENTUM,2023-06-01,,,41.14,,7044.7102,,20.0,,BULL
SELL,MONTHLY_REBALANCE,MAFANG,MAFANG,2023-06-01,2023-07-03,32.0,58.57,62.87,4948.2564,21277.5,20.0,21257.5,BULL
SELL,MONTHLY_REBALANCE,FMCGIETF,FMCGIETF,2023-06-01,2023-07-03,32.0,52.512,54.32,5519.1076,9978.55,20.0,9958.55,BULL
SELL,MONTHLY_REBALANCE,GILT5YBEES,GILT5YBEES,2023-06-01,2023-07-03,32.0,52.48,52.45,5522.4729,-165.67,20.0,-185.67,BULL
SELL,MONTHLY_REBALANCE,MIDCAPIETF,MIDCAPIETF,2023-06-01,2023-07-03,32.0,12.909,13.707,22450.955,17915.86,20.0,17895.86,BULL
SELL,MONTHLY_REBALANCE,MOMOMENTUM,MOMOMENTUM,2023-06-01,2023-07-03,32.0,41.14,42.92,7044.7102,12539.58,20.0,12519.58,BULL
BUY,MONTHLY_REBALANCE,AUTOBEES,AUTOBEES,2023-07-03,,,153.06,,1973.6609,,20.0,,BULL
BUY,MONTHLY_REBALANCE,MOM100,MOM100,2023-07-03,,,38.11,,7926.7526,,20.0,,BULL
BUY,MONTHLY_REBALANCE,MIDCAPIETF,MIDCAPIETF,2023-07-03,,,13.707,,22038.9978,,20.0,,BULL
BUY,MONTHLY_REBALANCE,FINIETF,FINIETF,2023-07-03,,,19.19,,15741.9772,,20.0,,BULL
BUY,MONTHLY_REBALANCE,FMCGIETF,FMCGIETF,2023-07-03,,,54.32,,5561.2766,,20.0,,BULL
SELL,MONTHLY_REBALANCE,AUTOBEES,AUTOBEES,2023-07-03,2023-08-01,29.0,153.06,157.68,1973.6609,9118.31,20.0,9098.31,BULL
SELL,MONTHLY_REBALANCE,MOM100,MOM100,2023-07-03,2023-08-01,29.0,38.11,40.17,7926.7526,16329.11,20.0,16309.11,BULL
SELL,MONTHLY_REBALANCE,MIDCAPIETF,MIDCAPIETF,2023-07-03,2023-08-01,29.0,13.707,14.464,22038.9978,16683.52,20.0,16663.52,BULL
SELL,MONTHLY_REBALANCE,FINIETF,FINIETF,2023-07-03,2023-08-01,29.0,19.19,19.57,15741.9772,5981.95,20.0,5961.95,BULL
SELL,MONTHLY_REBALANCE,FMCGIETF,FMCGIETF,2023-07-03,2023-08-01,29.0,54.32,54.231,5561.2766,-494.95,20.0,-514.95,BULL
BUY,MONTHLY_REBALANCE,MOM100,MOM100,2023-08-01,,,40.17,,7756.3388,,20.0,,BULL
BUY,MONTHLY_REBALANCE,MIDCAPIETF,MIDCAPIETF,2023-08-01,,,14.464,,21541.2148,,20.0,,BULL
BUY,MONTHLY_REBALANCE,AUTOIETF,AUTOIETF,2023-08-01,,,15.888,,19610.5319,,20.0,,BULL
BUY,MONTHLY_REBALANCE,PHARMABEES,PHARMABEES,2023-08-01,,,15.2,,20498.1666,,20.0,,BULL
BUY,MONTHLY_REBALANCE,LOWVOLIETF,LOWVOLIETF,2023-08-01,,,16.329,,19080.9071,,20.0,,BULL
SELL,MONTHLY_REBALANCE,MOM100,MOM100,2023-08-01,2023-09-01,31.0,40.17,41.99,7756.3388,14116.54,20.0,14096.54,BULL
SELL,MONTHLY_REBALANCE,MIDCAPIETF,MIDCAPIETF,2023-08-01,2023-09-01,31.0,14.464,15.11,21541.2148,13915.62,20.0,13895.62,BULL
SELL,MONTHLY_REBALANCE,AUTOIETF,AUTOIETF,2023-08-01,2023-09-01,31.0,15.888,16.179,19610.5319,5706.66,20.0,5686.66,BULL
SELL,MONTHLY_REBALANCE,PHARMABEES,PHARMABEES,2023-08-01,2023-09-01,31.0,15.2,15.25,20498.1666,1024.91,20.0,1004.91,BULL
SELL,MONTHLY_REBALANCE,LOWVOLIETF,LOWVOLIETF,2023-08-01,2023-09-01,31.0,16.329,16.1,19080.9071,-4369.53,20.0,-4389.53,BULL
BUY,MONTHLY_REBALANCE,MID150BEES,MID150BEES,2023-09-01,,,151.19,,2100.7406,,20.0,,BULL
BUY,MONTHLY_REBALANCE,MIDCAPIETF,MIDCAPIETF,2023-09-01,,,15.11,,21019.9188,,20.0,,BULL
BUY,MONTHLY_REBALANCE,PHARMABEES,PHARMABEES,2023-09-01,,,15.25,,20826.949,,20.0,,BULL
BUY,MONTHLY_REBALANCE,INFRABEES,INFRABEES,2023-09-01,,,623.7,,509.2368,,20.0,,BULL
BUY,MONTHLY_REBALANCE,CPSEETF,CPSEETF,2023-09-01,,,49.41,,6428.0707,,20.0,,BULL
SELL,MONTHLY_REBALANCE,MID150BEES,MID150BEES,2023-09-01,2023-10-03,32.0,151.19,154.95,2100.7406,7898.78,20.0,7878.78,BULL
SELL,MONTHLY_REBALANCE,MIDCAPIETF,MIDCAPIETF,2023-09-01,2023-10-03,32.0,15.11,15.54,21019.9188,9038.57,20.0,9018.57,BULL
SELL,MONTHLY_REBALANCE,PHARMABEES,PHARMABEES,2023-09-01,2023-10-03,32.0,15.25,15.53,20826.949,5831.55,20.0,5811.55,BULL
SELL,MONTHLY_REBALANCE,INFRABEES,INFRABEES,2023-09-01,2023-10-03,32.0,623.7,648.13,509.2368,12440.65,20.0,12420.65,BULL
SELL,MONTHLY_REBALANCE,CPSEETF,CPSEETF,2023-09-01,2023-10-03,32.0,49.41,52.88,6428.0707,22305.41,20.0,22285.41,BULL
BUY,MONTHLY_REBALANCE,HDFCSML250,HDFCSML250,2023-10-03,,,123.43,,2666.0776,,20.0,,BULL
BUY,MONTHLY_REBALANCE,MIDCAPIETF,MIDCAPIETF,2023-10-03,,,15.54,,21175.9308,,20.0,,BULL
BUY,MONTHLY_REBALANCE,CPSEETF,CPSEETF,2023-10-03,,,52.88,,6223.0326,,20.0,,BULL
BUY,MONTHLY_REBALANCE,PSUBNKBEES,PSUBNKBEES,2023-10-03,,,59.8,,5502.9091,,20.0,,BULL
BUY,MONTHLY_REBALANCE,INFRABEES,INFRABEES,2023-10-03,,,648.13,,507.7283,,20.0,,BULL
SELL,TSL_HIT (11.8% from peak),PSUBNKBEES,PSUBNKBEES,2023-10-03,2023-10-23,20.0,59.8,52.76,5502.9091,-38740.48,20.0,-38760.48,BULL
SELL,MONTHLY_REBALANCE,HDFCSML250,HDFCSML250,2023-10-03,2023-11-01,29.0,123.43,120.46,2666.0776,-7918.25,20.0,-7938.25,PARTIAL
SELL,MONTHLY_REBALANCE,MIDCAPIETF,MIDCAPIETF,2023-10-03,2023-11-01,29.0,15.54,14.896,21175.9308,-13637.3,20.0,-13657.3,PARTIAL
SELL,MONTHLY_REBALANCE,CPSEETF,CPSEETF,2023-10-03,2023-11-01,29.0,52.88,52.71,6223.0326,-1057.92,20.0,-1077.92,PARTIAL
SELL,MONTHLY_REBALANCE,INFRABEES,INFRABEES,2023-10-03,2023-11-01,29.0,648.13,630.4,507.7283,-9002.02,20.0,-9022.02,PARTIAL
BUY,MONTHLY_REBALANCE,CPSEETF,CPSEETF,2023-11-01,,,52.71,,5975.8429,,20.0,,PARTIAL
BUY,MONTHLY_REBALANCE,HDFCSML250,HDFCSML250,2023-11-01,,,120.46,,2614.8653,,20.0,,PARTIAL
BUY,MONTHLY_REBALANCE,MIDCAPIETF,MIDCAPIETF,2023-11-01,,,14.896,,21145.7223,,20.0,,PARTIAL
SELL,MONTHLY_REBALANCE,CPSEETF,CPSEETF,2023-11-01,2023-12-01,30.0,52.71,59.07,5975.8429,38006.36,20.0,37986.36,BULL
SELL,MONTHLY_REBALANCE,HDFCSML250,HDFCSML250,2023-11-01,2023-12-01,30.0,120.46,133.57,2614.8653,34280.88,20.0,34260.88,BULL
SELL,MONTHLY_REBALANCE,MIDCAPIETF,MIDCAPIETF,2023-11-01,2023-12-01,30.0,14.896,16.487,21145.7223,33642.84,20.0,33622.84,BULL
BUY,MONTHLY_REBALANCE,CPSEETF,CPSEETF,2023-12-01,,,59.07,,5692.8872,,20.0,,BULL
BUY,MONTHLY_REBALANCE,HDFCSML250,HDFCSML250,2023-12-01,,,133.57,,2517.6226,,20.0,,BULL
BUY,MONTHLY_REBALANCE,AUTOBEES,AUTOBEES,2023-12-01,,,177.79,,1891.4385,,20.0,,BULL
BUY,MONTHLY_REBALANCE,MIDCAPIETF,MIDCAPIETF,2023-12-01,,,16.487,,20396.6062,,20.0,,BULL
BUY,MONTHLY_REBALANCE,INFRABEES,INFRABEES,2023-12-01,,,689.76,,487.5302,,20.0,,BULL
SELL,MONTHLY_REBALANCE,CPSEETF,CPSEETF,2023-12-01,2024-01-01,31.0,59.07,67.17,5692.8872,46112.39,20.0,46092.39,BULL
SELL,MONTHLY_REBALANCE,HDFCSML250,HDFCSML250,2023-12-01,2024-01-01,31.0,133.57,141.97,2517.6226,21148.03,20.0,21128.03,BULL
SELL,MONTHLY_REBALANCE,AUTOBEES,AUTOBEES,2023-12-01,2024-01-01,31.0,177.79,189.04,1891.4385,21278.68,20.0,21258.68,BULL
SELL,MONTHLY_REBALANCE,MIDCAPIETF,MIDCAPIETF,2023-12-01,2024-01-01,31.0,16.487,17.565,20396.6062,21987.54,20.0,21967.54,BULL
SELL,MONTHLY_REBALANCE,INFRABEES,INFRABEES,2023-12-01,2024-01-01,31.0,689.76,757.41,487.5302,32981.42,20.0,32961.42,BULL
BUY,MONTHLY_REBALANCE,CPSEETF,CPSEETF,2024-01-01,,,67.17,,5433.0871,,20.0,,BULL
BUY,MONTHLY_REBALANCE,ICICIB22,ICICIB22,2024-01-01,,,91.63,,3982.7617,,20.0,,BULL
BUY,MONTHLY_REBALANCE,INFRABEES,INFRABEES,2024-01-01,,,757.41,,481.8268,,20.0,,BULL
BUY,MONTHLY_REBALANCE,LOWVOLIETF,LOWVOLIETF,2024-01-01,,,18.73,,19484.2743,,20.0,,BULL
BUY,MONTHLY_REBALANCE,MOMENTUM,MOMENTUM,2024-01-01,,,27.62,,13212.9058,,20.0,,BULL
SELL,MONTHLY_REBALANCE,CPSEETF,CPSEETF,2024-01-01,2024-02-01,31.0,67.17,74.76,5433.0871,41237.13,20.0,41217.13,BULL
SELL,MONTHLY_REBALANCE,ICICIB22,ICICIB22,2024-01-01,2024-02-01,31.0,91.63,96.11,3982.7617,17842.77,20.0,17822.77,BULL
SELL,MONTHLY_REBALANCE,INFRABEES,INFRABEES,2024-01-01,2024-02-01,31.0,757.41,811.29,481.8268,25960.83,20.0,25940.83,BULL
SELL,MONTHLY_REBALANCE,LOWVOLIETF,LOWVOLIETF,2024-01-01,2024-02-01,31.0,18.73,18.825,19484.2743,1851.01,20.0,1831.01,BULL
SELL,MONTHLY_REBALANCE,MOMENTUM,MOMENTUM,2024-01-01,2024-02-01,31.0,27.62,29.05,13212.9058,18894.46,20.0,18874.46,BULL
BUY,MONTHLY_REBALANCE,CPSEETF,CPSEETF,2024-02-01,,,74.76,,5163.9606,,20.0,,BULL
BUY,MONTHLY_REBALANCE,INFRABEES,INFRABEES,2024-02-01,,,811.29,,475.8566,,20.0,,BULL
BUY,MONTHLY_REBALANCE,ALPL30IETF,ALPL30IETF,2024-02-01,,,24.889,,15511.1775,,20.0,,BULL
BUY,MONTHLY_REBALANCE,MOMENTUM,MOMENTUM,2024-02-01,,,29.05,,13289.4216,,20.0,,BULL
BUY,MONTHLY_REBALANCE,JUNIORBEES,JUNIORBEES,2024-02-01,,,589.92,,654.4238,,20.0,,BULL
SELL,MONTHLY_REBALANCE,CPSEETF,CPSEETF,2024-02-01,2024-03-01,29.0,74.76,81.58,5163.9606,35218.21,20.0,35198.21,BULL
SELL,MONTHLY_REBALANCE,INFRABEES,INFRABEES,2024-02-01,2024-03-01,29.0,811.29,852.99,475.8566,19843.22,20.0,19823.22,BULL
SELL,MONTHLY_REBALANCE,ALPL30IETF,ALPL30IETF,2024-02-01,2024-03-01,29.0,24.889,26.549,15511.1775,25748.55,20.0,25728.55,BULL
SELL,MONTHLY_REBALANCE,MOMENTUM,MOMENTUM,2024-02-01,2024-03-01,29.0,29.05,30.69,13289.4216,21794.65,20.0,21774.65,BULL
SELL,MONTHLY_REBALANCE,JUNIORBEES,JUNIORBEES,2024-02-01,2024-03-01,29.0,589.92,632.47,654.4238,27845.73,20.0,27825.73,BULL
BUY,MONTHLY_REBALANCE,ALPL30IETF,ALPL30IETF,2024-03-01,,,26.549,,15522.5346,,20.0,,BULL
BUY,MONTHLY_REBALANCE,CPSEETF,CPSEETF,2024-03-01,,,81.58,,5051.5785,,20.0,,BULL
BUY,MONTHLY_REBALANCE,JUNIORBEES,JUNIORBEES,2024-03-01,,,632.47,,651.5847,,20.0,,BULL
BUY,MONTHLY_REBALANCE,INFRABEES,INFRABEES,2024-03-01,,,852.99,,483.1332,,20.0,,BULL
BUY,MONTHLY_REBALANCE,MOMENTUM,MOMENTUM,2024-03-01,,,30.69,,13428.0798,,20.0,,BULL
SELL,TSL_HIT (10.2% from peak),CPSEETF,CPSEETF,2024-03-01,2024-03-13,12.0,81.58,76.01,5051.5785,-28137.29,20.0,-28157.29,BULL
SELL,MONTHLY_REBALANCE,ALPL30IETF,ALPL30IETF,2024-03-01,2024-04-01,31.0,26.549,27.076,15522.5346,8180.38,20.0,8160.38,BULL
SELL,MONTHLY_REBALANCE,JUNIORBEES,JUNIORBEES,2024-03-01,2024-04-01,31.0,632.47,655.78,651.5847,15188.44,20.0,15168.44,BULL
SELL,MONTHLY_REBALANCE,INFRABEES,INFRABEES,2024-03-01,2024-04-01,31.0,852.99,872.91,483.1332,9624.01,20.0,9604.01,BULL
SELL,MONTHLY_REBALANCE,MOMENTUM,MOMENTUM,2024-03-01,2024-04-01,31.0,30.69,31.63,13428.0798,12622.4,20.0,12602.4,BULL
BUY,MONTHLY_REBALANCE,ALPL30IETF,ALPL30IETF,2024-04-01,,,27.076,,15349.588,,20.0,,BULL
BUY,MONTHLY_REBALANCE,AUTOBEES,AUTOBEES,2024-04-01,,,217.5,,1910.8296,,20.0,,BULL
BUY,MONTHLY_REBALANCE,JUNIORBEES,JUNIORBEES,2024-04-01,,,655.78,,633.7574,,20.0,,BULL
BUY,MONTHLY_REBALANCE,INFRABEES,INFRABEES,2024-04-01,,,872.91,,476.1149,,20.0,,BULL
BUY,MONTHLY_REBALANCE,MOMENTUM,MOMENTUM,2024-04-01,,,31.63,,13139.5967,,20.0,,BULL
SELL,MONTHLY_REBALANCE,ALPL30IETF,ALPL30IETF,2024-04-01,2024-05-02,31.0,27.076,27.369,15349.588,4497.43,20.0,4477.43,BULL
SELL,MONTHLY_REBALANCE,AUTOBEES,AUTOBEES,2024-04-01,2024-05-02,31.0,217.5,230.74,1910.8296,25299.38,20.0,25279.38,BULL
SELL,MONTHLY_REBALANCE,JUNIORBEES,JUNIORBEES,2024-04-01,2024-05-02,31.0,655.78,700.57,633.7574,28386.0,20.0,28366.0,BULL
SELL,MONTHLY_REBALANCE,INFRABEES,INFRABEES,2024-04-01,2024-05-02,31.0,872.91,891.87,476.1149,9027.14,20.0,9007.14,BULL
SELL,MONTHLY_REBALANCE,MOMENTUM,MOMENTUM,2024-04-01,2024-05-02,31.0,31.63,33.42,13139.5967,23519.88,20.0,23499.88,BULL
BUY,MONTHLY_REBALANCE,SETFNN50,SETFNN50,2024-05-02,,,695.35,,623.7311,,20.0,,BULL
BUY,MONTHLY_REBALANCE,JUNIORBEES,JUNIORBEES,2024-05-02,,,700.57,,619.0836,,20.0,,BULL
BUY,MONTHLY_REBALANCE,AUTOIETF,AUTOIETF,2024-05-02,,,23.08,,18791.6555,,20.0,,BULL
BUY,MONTHLY_REBALANCE,MOMENTUM,MOMENTUM,2024-05-02,,,33.42,,12977.6005,,20.0,,BULL
BUY,MONTHLY_REBALANCE,CPSEETF,CPSEETF,2024-05-02,,,88.13,,4921.2687,,20.0,,BULL
SELL,MONTHLY_REBALANCE,SETFNN50,SETFNN50,2024-05-02,2024-06-03,32.0,695.35,740.86,623.7311,28386.0,20.0,28366.0,BULL
SELL,MONTHLY_REBALANCE,JUNIORBEES,JUNIORBEES,2024-05-02,2024-06-03,32.0,700.57,750.2,619.0836,30725.12,20.0,30705.12,BULL
SELL,MONTHLY_REBALANCE,AUTOIETF,AUTOIETF,2024-05-02,2024-06-03,32.0,23.08,24.34,18791.6555,23677.49,20.0,23657.49,BULL
SELL,MONTHLY_REBALANCE,MOMENTUM,MOMENTUM,2024-05-02,2024-06-03,32.0,33.42,36.11,12977.6005,34909.75,20.0,34889.75,BULL
SELL,MONTHLY_REBALANCE,CPSEETF,CPSEETF,2024-05-02,2024-06-03,32.0,88.13,98.67,4921.2687,51870.17,20.0,51850.17,BULL
BUY,MONTHLY_REBALANCE,MAKEINDIA,MAKEINDIA,2024-06-03,,,142.73,,3276.0114,,20.0,,BULL
BUY,MONTHLY_REBALANCE,JUNIORBEES,JUNIORBEES,2024-06-03,,,750.2,,623.2806,,20.0,,BULL
BUY,MONTHLY_REBALANCE,AUTOIETF,AUTOIETF,2024-06-03,,,24.34,,19210.5634,,20.0,,BULL
BUY,MONTHLY_REBALANCE,SILVERIETF,SILVERIETF,2024-06-03,,,91.74,,5096.851,,20.0,,BULL
BUY,MONTHLY_REBALANCE,MOMENTUM,MOMENTUM,2024-06-03,,,36.11,,12948.9093,,20.0,,BULL
SELL,MONTHLY_REBALANCE,MAKEINDIA,MAKEINDIA,2024-06-03,2024-07-01,28.0,142.73,148.89,3276.0114,20180.23,20.0,20160.23,BULL
SELL,MONTHLY_REBALANCE,JUNIORBEES,JUNIORBEES,2024-06-03,2024-07-01,28.0,750.2,767.87,623.2806,11013.37,20.0,10993.37,BULL
SELL,MONTHLY_REBALANCE,AUTOIETF,AUTOIETF,2024-06-03,2024-07-01,28.0,24.34,25.76,19210.5634,27279.0,20.0,27259.0,BULL
SELL,MONTHLY_REBALANCE,SILVERIETF,SILVERIETF,2024-06-03,2024-07-01,28.0,91.74,88.99,5096.851,-14016.34,20.0,-14036.34,BULL
SELL,MONTHLY_REBALANCE,MOMENTUM,MOMENTUM,2024-06-03,2024-07-01,28.0,36.11,35.86,12948.9093,-3237.23,20.0,-3257.23,BULL
BUY,MONTHLY_REBALANCE,AUTOIETF,AUTOIETF,2024-07-01,,,25.76,,18470.0668,,20.0,,BULL
BUY,MONTHLY_REBALANCE,SETFNN50,SETFNN50,2024-07-01,,,758.39,,627.3671,,20.0,,BULL
BUY,MONTHLY_REBALANCE,JUNIORBEES,JUNIORBEES,2024-07-01,,,767.87,,619.6217,,20.0,,BULL
BUY,MONTHLY_REBALANCE,MIDCAP,MIDCAP,2024-07-01,,,16.087,,29575.9881,,20.0,,BULL
BUY,MONTHLY_REBALANCE,MNC,MNC,2024-07-01,,,31.01,,15343.0803,,20.0,,BULL
SELL,MONTHLY_REBALANCE,AUTOIETF,AUTOIETF,2024-07-01,2024-08-01,31.0,25.76,26.99,18470.0668,22718.18,20.0,22698.18,BULL
SELL,MONTHLY_REBALANCE,SETFNN50,SETFNN50,2024-07-01,2024-08-01,31.0,758.39,784.28,627.3671,16242.53,20.0,16222.53,BULL
SELL,MONTHLY_REBALANCE,JUNIORBEES,JUNIORBEES,2024-07-01,2024-08-01,31.0,767.87,791.5,619.6217,14641.66,20.0,14621.66,BULL
SELL,MONTHLY_REBALANCE,MIDCAP,MIDCAP,2024-07-01,2024-08-01,31.0,16.087,16.802,29575.9881,21146.83,20.0,21126.83,BULL
SELL,MONTHLY_REBALANCE,MNC,MNC,2024-07-01,2024-08-01,31.0,31.01,31.55,15343.0803,8285.26,20.0,8265.26,BULL
BUY,MONTHLY_REBALANCE,NIFTYQLITY,NIFTYQLITY,2024-08-01,,,22.75,,21642.0138,,20.0,,BULL
BUY,MONTHLY_REBALANCE,SBIETFQLTY,SBIETFQLTY,2024-08-01,,,237.15,,2076.1367,,20.0,,BULL
BUY,MONTHLY_REBALANCE,AUTOIETF,AUTOIETF,2024-08-01,,,26.99,,18242.1569,,20.0,,BULL
BUY,MONTHLY_REBALANCE,LOWVOLIETF,LOWVOLIETF,2024-08-01,,,22.06,,22318.9399,,20.0,,BULL
BUY,MONTHLY_REBALANCE,MIDCAP,MIDCAP,2024-08-01,,,16.802,,29303.4052,,20.0,,BULL
SELL,MONTHLY_REBALANCE,NIFTYQLITY,NIFTYQLITY,2024-08-01,2024-09-02,32.0,22.75,23.36,21642.0138,13201.63,20.0,13181.63,BULL
SELL,MONTHLY_REBALANCE,SBIETFQLTY,SBIETFQLTY,2024-08-01,2024-09-02,32.0,237.15,244.85,2076.1367,15986.25,20.0,15966.25,BULL
SELL,MONTHLY_REBALANCE,AUTOIETF,AUTOIETF,2024-08-01,2024-09-02,32.0,26.99,26.62,18242.1569,-6749.6,20.0,-6769.6,BULL
SELL,MONTHLY_REBALANCE,LOWVOLIETF,LOWVOLIETF,2024-08-01,2024-09-02,32.0,22.06,22.63,22318.9399,12721.8,20.0,12701.8,BULL
SELL,MONTHLY_REBALANCE,MIDCAP,MIDCAP,2024-08-01,2024-09-02,32.0,16.802,16.876,29303.4052,2168.45,20.0,2148.45,BULL
BUY,MONTHLY_REBALANCE,NIFTYQLITY,NIFTYQLITY,2024-09-02,,,23.36,,21394.7569,,20.0,,BULL
BUY,MONTHLY_REBALANCE,PHARMABEES,PHARMABEES,2024-09-02,,,23.5,,21267.2987,,20.0,,BULL
BUY,MONTHLY_REBALANCE,SBIETFQLTY,SBIETFQLTY,2024-09-02,,,244.85,,2041.1743,,20.0,,BULL
BUY,MONTHLY_REBALANCE,HDFCLOWVOL,HDFCLOWVOL,2024-09-02,,,21.02,,23776.4758,,20.0,,BULL
BUY,MONTHLY_REBALANCE,ITIETF,ITIETF,2024-09-02,,,45.96,,10874.2716,,20.0,,BULL
SELL,MONTHLY_REBALANCE,NIFTYQLITY,NIFTYQLITY,2024-09-02,2024-10-01,29.0,23.36,23.95,21394.7569,12622.91,20.0,12602.91,BULL
SELL,MONTHLY_REBALANCE,PHARMABEES,PHARMABEES,2024-09-02,2024-10-01,29.0,23.5,23.79,21267.2987,6167.52,20.0,6147.52,BULL
SELL,MONTHLY_REBALANCE,SBIETFQLTY,SBIETFQLTY,2024-09-02,2024-10-01,29.0,244.85,249.96,2041.1743,10430.4,20.0,10410.4,BULL
SELL,MONTHLY_REBALANCE,HDFCLOWVOL,HDFCLOWVOL,2024-09-02,2024-10-01,29.0,21.02,21.72,23776.4758,16643.53,20.0,16623.53,BULL
SELL,MONTHLY_REBALANCE,ITIETF,ITIETF,2024-09-02,2024-10-01,29.0,45.96,45.31,10874.2716,-7068.28,20.0,-7088.28,BULL
BUY,MONTHLY_REBALANCE,MOHEALTH,MOHEALTH,2024-10-01,,,44.76,,11338.2649,,20.0,,BULL
BUY,MONTHLY_REBALANCE,PHARMABEES,PHARMABEES,2024-10-01,,,23.79,,21332.5236,,20.0,,BULL
BUY,MONTHLY_REBALANCE,HDFCLOWVOL,HDFCLOWVOL,2024-10-01,,,21.72,,23365.5956,,20.0,,BULL
BUY,MONTHLY_REBALANCE,SBIETFQLTY,SBIETFQLTY,2024-10-01,,,249.96,,2030.3278,,20.0,,BULL
BUY,MONTHLY_REBALANCE,FMCGIETF,FMCGIETF,2024-10-01,,,68.74,,7382.9028,,20.0,,BULL
SELL,TSL_HIT (10.9% from peak),FMCGIETF,FMCGIETF,2024-10-01,2024-10-24,23.0,68.74,61.24,7382.9028,-55371.77,20.0,-55391.77,BULL
SELL,MONTHLY_REBALANCE,MOHEALTH,MOHEALTH,2024-10-01,2024-11-01,31.0,44.76,44.27,11338.2649,-5555.75,20.0,-5575.75,BEAR
SELL,MONTHLY_REBALANCE,PHARMABEES,PHARMABEES,2024-10-01,2024-11-01,31.0,23.79,23.36,21332.5236,-9172.99,20.0,-9192.99,BEAR
SELL,MONTHLY_REBALANCE,HDFCLOWVOL,HDFCLOWVOL,2024-10-01,2024-11-01,31.0,21.72,20.08,23365.5956,-38319.58,20.0,-38339.58,BEAR
SELL,MONTHLY_REBALANCE,SBIETFQLTY,SBIETFQLTY,2024-10-01,2024-11-01,31.0,249.96,228.44,2030.3278,-43692.65,20.0,-43712.65,BEAR
BUY,MONTHLY_REBALANCE,GOLDETF,GOLDETF,2024-11-01,,,78.34,,6089.8515,,20.0,,BEAR
SELL,MONTHLY_REBALANCE,GOLDETF,GOLDETF,2024-11-01,2024-12-02,31.0,78.34,75.04,6089.8515,-20096.51,20.0,-20116.51,BEAR
BUY,MONTHLY_REBALANCE,MONQ50,MONQ50,2024-12-02,,,78.02,,6068.3057,,20.0,,BEAR
SELL,MONTHLY_REBALANCE,MONQ50,MONQ50,2024-12-02,2025-01-01,30.0,78.02,85.75,6068.3057,46908.0,20.0,46888.0,BEAR
BUY,MONTHLY_REBALANCE,MAFANG,MAFANG,2025-01-01,,,134.5,,3593.0028,,20.0,,BEAR
SELL,MONTHLY_REBALANCE,MAFANG,MAFANG,2025-01-01,2025-02-01,31.0,134.5,135.48,3593.0028,3521.14,20.0,3501.14,BEAR
BUY,MONTHLY_REBALANCE,MONQ50,MONQ50,2025-02-01,,,89.3,,5424.8895,,20.0,,BEAR
SELL,TSL_HIT (12.0% from peak),MONQ50,MONQ50,2025-02-01,2025-02-28,27.0,89.3,82.14,5424.8895,-38842.21,20.0,-38862.21,BEAR
BUY,MONTHLY_REBALANCE,GOLDETF,GOLDETF,2025-03-03,,,83.78,,5694.5706,,20.0,,BEAR
SELL,MONTHLY_REBALANCE,GOLDETF,GOLDETF,2025-03-03,2025-04-01,29.0,83.78,91.22,5694.5706,42367.61,20.0,42347.61,BEAR
BUY,MONTHLY_REBALANCE,GOLDETF,GOLDETF,2025-04-01,,,91.22,,5327.277,,20.0,,BEAR
SELL,MONTHLY_REBALANCE,GOLDETF,GOLDETF,2025-04-01,2025-05-02,31.0,91.22,92.2,5327.277,5220.73,20.0,5200.73,PARTIAL
BUY,MONTHLY_REBALANCE,LTGILTBEES,LTGILTBEES,2025-05-02,,,28.67,,16999.9055,,20.0,,PARTIAL
BUY,MONTHLY_REBALANCE,GOLDBETA,GOLDBETA,2025-05-02,,,79.65,,6119.1122,,20.0,,PARTIAL
BUY,MONTHLY_REBALANCE,BBETF0432,BBETF0432,2025-05-02,,,1266.99,,384.6812,,20.0,,PARTIAL
SELL,MONTHLY_REBALANCE,LTGILTBEES,LTGILTBEES,2025-05-02,2025-06-02,31.0,28.67,28.91,16999.9055,4079.98,20.0,4059.98,BULL
SELL,MONTHLY_REBALANCE,GOLDBETA,GOLDBETA,2025-05-02,2025-06-02,31.0,79.65,81.5,6119.1122,11320.36,20.0,11300.36,BULL
SELL,MONTHLY_REBALANCE,BBETF0432,BBETF0432,2025-05-02,2025-06-02,31.0,1266.99,1288.4301,384.6812,8247.6,20.0,8227.6,BULL
BUY,MONTHLY_REBALANCE,EBBETF0433,EBBETF0433,2025-06-02,,,1255.96,,391.9785,,20.0,,BULL
BUY,MONTHLY_REBALANCE,MODEFENCE,MODEFENCE,2025-06-02,,,95.35,,5163.1812,,20.0,,BULL
BUY,MONTHLY_REBALANCE,GROWWDEFNC,GROWWDEFNC,2025-06-02,,,87.12,,5650.9336,,20.0,,BULL
BUY,MONTHLY_REBALANCE,TATAGOLD,TATAGOLD,2025-06-02,,,9.45,,52096.2256,,20.0,,BULL
BUY,MONTHLY_REBALANCE,BFSI,BFSI,2025-06-02,,,27.16,,18126.2641,,20.0,,BULL
SELL,MONTHLY_REBALANCE,EBBETF0433,EBBETF0433,2025-06-02,2025-07-01,29.0,1255.96,1244.84,391.9785,-4358.8,20.0,-4378.8,BULL
SELL,MONTHLY_REBALANCE,MODEFENCE,MODEFENCE,2025-06-02,2025-07-01,29.0,95.35,97.8,5163.1812,12649.79,20.0,12629.79,BULL
SELL,MONTHLY_REBALANCE,GROWWDEFNC,GROWWDEFNC,2025-06-02,2025-07-01,29.0,87.12,89.27,5650.9336,12149.51,20.0,12129.51,BULL
SELL,MONTHLY_REBALANCE,TATAGOLD,TATAGOLD,2025-06-02,2025-07-01,29.0,9.45,9.5,52096.2256,2604.81,20.0,2584.81,BULL
SELL,MONTHLY_REBALANCE,BFSI,BFSI,2025-06-02,2025-07-01,29.0,27.16,27.95,18126.2641,14319.75,20.0,14299.75,BULL
BUY,MONTHLY_REBALANCE,MODEFENCE,MODEFENCE,2025-07-01,,,97.8,,5109.8399,,20.0,,BULL
BUY,MONTHLY_REBALANCE,GROWWDEFNC,GROWWDEFNC,2025-07-01,,,89.27,,5598.0995,,20.0,,BULL
BUY,MONTHLY_REBALANCE,EBBETF0433,EBBETF0433,2025-07-01,,,1244.84,,401.4511,,20.0,,BULL
BUY,MONTHLY_REBALANCE,TATAGOLD,TATAGOLD,2025-07-01,,,9.5,,52604.4573,,20.0,,BULL
BUY,MONTHLY_REBALANCE,FINIETF,FINIETF,2025-07-01,,,31.36,,15935.6615,,20.0,,BULL
SELL,TSL_HIT (10.3% from peak),MODEFENCE,MODEFENCE,2025-07-01,2025-07-25,24.0,97.8,87.84,5109.8399,-50894.01,20.0,-50914.01,BULL
SELL,TSL_HIT (10.6% from peak),GROWWDEFNC,GROWWDEFNC,2025-07-01,2025-07-25,24.0,89.27,80.02,5598.0995,-51782.42,20.0,-51802.42,BULL
SELL,MONTHLY_REBALANCE,EBBETF0433,EBBETF0433,2025-07-01,2025-08-01,31.0,1244.84,1250.3,401.4511,2191.92,20.0,2171.92,PARTIAL
SELL,MONTHLY_REBALANCE,TATAGOLD,TATAGOLD,2025-07-01,2025-08-01,31.0,9.5,9.6,52604.4573,5260.45,20.0,5240.45,PARTIAL
SELL,MONTHLY_REBALANCE,FINIETF,FINIETF,2025-07-01,2025-08-01,31.0,31.36,29.29,15935.6615,-32986.82,20.0,-33006.82,PARTIAL
BUY,MONTHLY_REBALANCE,MAFANG,MAFANG,2025-08-01,,,156.61,,3027.313,,20.0,,PARTIAL
BUY,MONTHLY_REBALANCE,AXISILVER,AXISILVER,2025-08-01,,,109.82,,4317.1324,,20.0,,PARTIAL
BUY,MONTHLY_REBALANCE,HNGSNGBEES,HNGSNGBEES,2025-08-01,,,413.85,,1145.6022,,20.0,,PARTIAL
SELL,MONTHLY_REBALANCE,MAFANG,MAFANG,2025-08-01,2025-09-01,31.0,156.61,161.13,3027.313,13683.45,20.0,13663.45,BEAR
SELL,MONTHLY_REBALANCE,AXISILVER,AXISILVER,2025-08-01,2025-09-01,31.0,109.82,122.98,4317.1324,56813.46,20.0,56793.46,BEAR
SELL,MONTHLY_REBALANCE,HNGSNGBEES,HNGSNGBEES,2025-08-01,2025-09-01,31.0,413.85,477.73,1145.6022,73181.07,20.0,73161.07,BEAR
BUY,MONTHLY_REBALANCE,SILVER,SILVER,2025-09-01,,,123.01,,4089.2985,,20.0,,BEAR
SELL,MONTHLY_REBALANCE,SILVER,SILVER,2025-09-01,2025-10-01,30.0,123.01,146.02,4089.2985,94094.76,20.0,94074.76,BEAR
BUY,MONTHLY_REBALANCE,TATAGOLD,TATAGOLD,2025-10-01,,,11.43,,45697.3713,,20.0,,BEAR
SELL,TSL_HIT (10.3% from peak),TATAGOLD,TATAGOLD,2025-10-01,2025-10-28,27.0,11.43,11.37,45697.3713,-2741.84,20.0,-2761.84,BEAR
BUY,MONTHLY_REBALANCE,MONQ50,MONQ50,2025-11-03,,,100.42,,5200.6249,,20.0,,BULL
BUY,MONTHLY_REBALANCE,PSUBNKIETF,PSUBNKIETF,2025-11-03,,,84.51,,6179.7036,,20.0,,BULL
BUY,MONTHLY_REBALANCE,GOLDETF,GOLDETF,2025-11-03,,,117.47,,4445.7883,,20.0,,BULL
BUY,MONTHLY_REBALANCE,SILVERIETF,SILVERIETF,2025-11-03,,,148.38,,3519.6573,,20.0,,BULL
BUY,MONTHLY_REBALANCE,HNGSNGBEES,HNGSNGBEES,2025-11-03,,,525.37,,994.0551,,20.0,,BULL
SELL,MONTHLY_REBALANCE,MONQ50,MONQ50,2025-11-03,2025-12-01,28.0,100.42,99.92,5200.6249,-2600.31,20.0,-2620.31,BULL
SELL,MONTHLY_REBALANCE,PSUBNKIETF,PSUBNKIETF,2025-11-03,2025-12-01,28.0,84.51,86.37,6179.7036,11494.25,20.0,11474.25,BULL
SELL,MONTHLY_REBALANCE,GOLDETF,GOLDETF,2025-11-03,2025-12-01,28.0,117.47,125.03,4445.7883,33610.16,20.0,33590.16,BULL
SELL,MONTHLY_REBALANCE,SILVERIETF,SILVERIETF,2025-11-03,2025-12-01,28.0,148.38,173.01,3519.6573,86689.16,20.0,86669.16,BULL
SELL,MONTHLY_REBALANCE,HNGSNGBEES,HNGSNGBEES,2025-11-03,2025-12-01,28.0,525.37,522.02,994.0551,-3330.08,20.0,-3350.08,BULL
BUY,MONTHLY_REBALANCE,BANKPSU,BANKPSU,2025-12-01,,,85.52,,6400.6009,,20.0,,BULL
BUY,MONTHLY_REBALANCE,PSUBNKIETF,PSUBNKIETF,2025-12-01,,,86.37,,6337.6101,,20.0,,BULL
BUY,MONTHLY_REBALANCE,GOLDETF,GOLDETF,2025-12-01,,,125.03,,4377.9844,,20.0,,BULL
BUY,MONTHLY_REBALANCE,SILVERIETF,SILVERIETF,2025-12-01,,,173.01,,3163.8598,,20.0,,BULL
BUY,MONTHLY_REBALANCE,HDFCNIFBAN,HDFCNIFBAN,2025-12-01,,,61.31,,8928.0605,,20.0,,BULL
SELL,MONTHLY_REBALANCE,BANKPSU,BANKPSU,2025-12-01,2026-01-01,31.0,85.52,85.97,6400.6009,2880.27,20.0,2860.27,BULL
SELL,MONTHLY_REBALANCE,PSUBNKIETF,PSUBNKIETF,2025-12-01,2026-01-01,31.0,86.37,86.44,6337.6101,443.63,20.0,423.63,BULL
SELL,MONTHLY_REBALANCE,GOLDETF,GOLDETF,2025-12-01,2026-01-01,31.0,125.03,129.72,4377.9844,20532.75,20.0,20512.75,BULL
SELL,MONTHLY_REBALANCE,SILVERIETF,SILVERIETF,2025-12-01,2026-01-01,31.0,173.01,224.95,3163.8598,164330.88,20.0,164310.88,BULL
SELL,MONTHLY_REBALANCE,HDFCNIFBAN,HDFCNIFBAN,2025-12-01,2026-01-01,31.0,61.31,61.18,8928.0605,-1160.65,20.0,-1180.65,BULL
BUY,MONTHLY_REBALANCE,SILVERIETF,SILVERIETF,2026-01-01,,,224.95,,2599.4433,,20.0,,BULL
BUY,MONTHLY_REBALANCE,TATSILV,TATSILV,2026-01-01,,,21.84,,26774.0276,,20.0,,BULL
BUY,MONTHLY_REBALANCE,GOLDBETA,GOLDBETA,2026-01-01,,,112.25,,5209.3075,,20.0,,BULL
BUY,MONTHLY_REBALANCE,PSUBANK,PSUBANK,2026-01-01,,,854.37,,684.4163,,20.0,,BULL
BUY,MONTHLY_REBALANCE,HDFCNIFBAN,HDFCNIFBAN,2026-01-01,,,61.18,,9557.7764,,20.0,,BULL
SELL,TSL_HIT (10.5% from peak),SILVERIETF,SILVERIETF,2026-01-01,2026-01-22,21.0,224.95,288.14,2599.4433,164258.82,20.0,164238.82,BULL
SELL,TSL_HIT (16.3% from peak),TATSILV,TATSILV,2026-01-01,2026-01-22,21.0,21.84,28.12,26774.0276,168140.89,20.0,168120.89,BULL
SELL,TSL_HIT (10.4% from peak),GOLDBETA,GOLDBETA,2026-01-01,2026-01-30,29.0,112.25,132.85,5209.3075,107311.73,20.0,107291.73,BULL
SELL,MONTHLY_REBALANCE,PSUBANK,PSUBANK,2026-01-01,2026-02-02,32.0,854.37,857.82,684.4163,2361.24,20.0,2341.24,BEAR
SELL,MONTHLY_REBALANCE,HDFCNIFBAN,HDFCNIFBAN,2026-01-01,2026-02-02,32.0,61.18,60.03,9557.7764,-10991.44,20.0,-11011.44,BEAR
BUY,MONTHLY_REBALANCE,SILVERAG,SILVERAG,2026-02-02,,,220.35,,3045.2431,,20.0,,BEAR
SELL,TSL_HIT (12.3% from peak),SILVERAG,SILVERAG,2026-02-02,2026-02-05,3.0,220.35,239.62,3045.2431,58681.83,20.0,58661.83,BEAR
BUY,MONTHLY_REBALANCE,PSUBANKADD,PSUBANKADD,2026-03-02,,,96.98,,7047.4765,,20.0,,BEAR
SELL,TSL_HIT (11.8% from peak),PSUBANKADD,PSUBANKADD,2026-03-02,2026-03-13,11.0,96.98,85.56,7047.4765,-80482.18,20.0,-80502.18,BEAR
BUY,MONTHLY_REBALANCE,CPSEETF,CPSEETF,2026-04-01,,,101.52,,6579.9395,,20.0,,BEAR
