TYPE,REASON,TICKER,NAME,ENTRY_DATE,EXIT_DATE,HOLDING_DAYS,ENTRY_PRICE,EXIT_PRICE,SHARES,GROSS_PNL,COSTS,NET_PNL
BUY,REBALANCE,NV20,NV20,2020-08-03,,,5.78,,34759.7985,,20.0,
BUY,REBALANCE,JUNIORBEES,JUNIORBEES,2020-08-03,,,279.7,,718.3112,,20.0,
BUY,REBALANCE,EBBETF0430,EBBETF0430,2020-08-03,,,1109.54,,181.0765,,20.0,
BUY,REBALANCE,MIDCAPIETF,MIDCAPIETF,2020-08-03,,,5.907,,34012.4658,,20.0,
BUY,REBALANCE,GOLDBETA,GOLDBETA,2020-08-03,,,49.019,,4098.6482,,20.0,
SELL,MONTHLY_REBALANCE,NV20,NV20,2020-08-03,2020-09-01,29.0,5.78,5.834,34759.7985,1877.03,20.0,1857.03
SELL,MONTHLY_REBALANCE,JUNIORBEES,JUNIORBEES,2020-08-03,2020-09-01,29.0,279.7,283.04,718.3112,2399.16,20.0,2379.16
SELL,MONTHLY_REBALANCE,EBBETF0430,EBBETF0430,2020-08-03,2020-09-01,29.0,1109.54,1095.0,181.0765,-2632.85,20.0,-2652.85
SELL,MONTHLY_REBALANCE,MIDCAPIETF,MIDCAPIETF,2020-08-03,2020-09-01,29.0,5.907,6.445,34012.4658,18298.71,20.0,18278.71
SELL,MONTHLY_REBALANCE,GOLDBETA,GOLDBETA,2020-08-03,2020-09-01,29.0,49.019,47.3335,4098.6482,-6908.27,20.0,-6928.27
BUY,REBALANCE,MIDCAPIETF,MIDCAPIETF,2020-09-01,,,6.445,,31571.5076,,20.0,
BUY,REBALANCE,MIDSELIETF,MIDSELIETF,2020-09-01,,,6.376,,31913.1692,,20.0,
BUY,REBALANCE,SBIETFQLTY,SBIETFQLTY,2020-09-01,,,103.5,,1965.9746,,20.0,
BUY,REBALANCE,LOWVOLIETF,LOWVOLIETF,2020-09-01,,,9.436,,21564.049,,20.0,
BUY,REBALANCE,HDFCSENSEX,HDFCSENSEX,2020-09-01,,,41.2927,,4927.708,,20.0,
SELL,MONTHLY_REBALANCE,MIDCAPIETF,MIDCAPIETF,2020-09-01,2020-10-01,30.0,6.445,6.53,31571.5076,2683.58,20.0,2663.58
SELL,MONTHLY_REBALANCE,MIDSELIETF,MIDSELIETF,2020-09-01,2020-10-01,30.0,6.376,6.544,31913.1692,5361.41,20.0,5341.41
SELL,MONTHLY_REBALANCE,SBIETFQLTY,SBIETFQLTY,2020-09-01,2020-10-01,30.0,103.5,106.96,1965.9746,6802.27,20.0,6782.27
SELL,MONTHLY_REBALANCE,LOWVOLIETF,LOWVOLIETF,2020-09-01,2020-10-01,30.0,9.436,9.658,21564.049,4787.22,20.0,4767.22
SELL,MONTHLY_REBALANCE,HDFCSENSEX,HDFCSENSEX,2020-09-01,2020-10-01,30.0,41.2927,40.9777,4927.708,-1552.23,20.0,-1572.23
BUY,REBALANCE,NV20IETF,NV20IETF,2020-10-01,,,5.836,,35478.8885,,20.0,
BUY,REBALANCE,LOWVOLIETF,LOWVOLIETF,2020-10-01,,,9.658,,21438.6823,,20.0,
BUY,REBALANCE,SBIETFQLTY,SBIETFQLTY,2020-10-01,,,106.96,,1935.8152,,20.0,
BUY,REBALANCE,MIDCAPIETF,MIDCAPIETF,2020-10-01,,,6.53,,31708.2379,,20.0,
BUY,REBALANCE,HDFCSENSEX,HDFCSENSEX,2020-10-01,,,40.9777,,5052.8652,,20.0,
SELL,MONTHLY_REBALANCE,NV20IETF,NV20IETF,2020-10-01,2020-11-02,32.0,5.836,5.964,35478.8885,4541.3,20.0,4521.3
SELL,MONTHLY_REBALANCE,LOWVOLIETF,LOWVOLIETF,2020-10-01,2020-11-02,32.0,9.658,9.931,21438.6823,5852.76,20.0,5832.76
SELL,MONTHLY_REBALANCE,SBIETFQLTY,SBIETFQLTY,2020-10-01,2020-11-02,32.0,106.96,106.5,1935.8152,-890.47,20.0,-910.47
SELL,MONTHLY_REBALANCE,MIDCAPIETF,MIDCAPIETF,2020-10-01,2020-11-02,32.0,6.53,6.55,31708.2379,634.16,20.0,614.16
SELL,MONTHLY_REBALANCE,HDFCSENSEX,HDFCSENSEX,2020-10-01,2020-11-02,32.0,40.9777,42.6364,5052.8652,8381.19,20.0,8361.19
BUY,REBALANCE,MIDSELIETF,MIDSELIETF,2020-11-02,,,6.531,,32264.3634,,20.0,
BUY,REBALANCE,HDFCSENSEX,HDFCSENSEX,2020-11-02,,,42.6364,,4942.2221,,20.0,
BUY,REBALANCE,MIDCAPIETF,MIDCAPIETF,2020-11-02,,,6.55,,32170.7721,,20.0,
BUY,REBALANCE,SBIETFQLTY,SBIETFQLTY,2020-11-02,,,106.5,,1978.578,,20.0,
BUY,REBALANCE,LOWVOLIETF,LOWVOLIETF,2020-11-02,,,9.931,,21218.2617,,20.0,
SELL,MONTHLY_REBALANCE,MIDSELIETF,MIDSELIETF,2020-11-02,2020-12-01,29.0,6.531,7.446,32264.3634,29521.89,20.0,29501.89
SELL,MONTHLY_REBALANCE,HDFCSENSEX,HDFCSENSEX,2020-11-02,2020-12-01,29.0,42.6364,47.25,4942.2221,22801.44,20.0,22781.44
SELL,MONTHLY_REBALANCE,MIDCAPIETF,MIDCAPIETF,2020-11-02,2020-12-01,29.0,6.55,7.595,32170.7721,33618.46,20.0,33598.46
SELL,MONTHLY_REBALANCE,SBIETFQLTY,SBIETFQLTY,2020-11-02,2020-12-01,29.0,106.5,114.6,1978.578,16026.48,20.0,16006.48
SELL,MONTHLY_REBALANCE,LOWVOLIETF,LOWVOLIETF,2020-11-02,2020-12-01,29.0,9.931,10.629,21218.2617,14810.35,20.0,14790.35
BUY,REBALANCE,SETFNIF50,SETFNIF50,2020-12-01,,,132.2203,,1770.0327,,20.0,
BUY,REBALANCE,LOWVOLIETF,LOWVOLIETF,2020-12-01,,,10.629,,22018.4644,,20.0,
BUY,REBALANCE,MIDCAPIETF,MIDCAPIETF,2020-12-01,,,7.595,,30814.2539,,20.0,
BUY,REBALANCE,HDFCSENSEX,HDFCSENSEX,2020-12-01,,,47.25,,4953.106,,20.0,
BUY,REBALANCE,JUNIORBEES,JUNIORBEES,2020-12-01,,,321.77,,727.334,,20.0,
SELL,MONTHLY_REBALANCE,SETFNIF50,SETFNIF50,2020-12-01,2021-01-01,31.0,132.2203,141.6639,1770.0327,16715.48,20.0,16695.48
SELL,MONTHLY_REBALANCE,LOWVOLIETF,LOWVOLIETF,2020-12-01,2021-01-01,31.0,10.629,11.419,22018.4644,17394.59,20.0,17374.59
SELL,MONTHLY_REBALANCE,MIDCAPIETF,MIDCAPIETF,2020-12-01,2021-01-01,31.0,7.595,8.027,30814.2539,13311.76,20.0,13291.76
SELL,MONTHLY_REBALANCE,HDFCSENSEX,HDFCSENSEX,2020-12-01,2021-01-01,31.0,47.25,51.0232,4953.106,18689.06,20.0,18669.06
SELL,MONTHLY_REBALANCE,JUNIORBEES,JUNIORBEES,2020-12-01,2021-01-01,31.0,321.77,342.19,727.334,14852.16,20.0,14832.16
BUY,REBALANCE,SETFNIF50,SETFNIF50,2021-01-01,,,141.6639,,1766.0593,,20.0,
BUY,REBALANCE,LOWVOLIETF,LOWVOLIETF,2021-01-01,,,11.419,,21909.6981,,20.0,
BUY,REBALANCE,HDFCSENSEX,HDFCSENSEX,2021-01-01,,,51.0232,,4903.3938,,20.0,
BUY,REBALANCE,JUNIORBEES,JUNIORBEES,2021-01-01,,,342.19,,731.1343,,20.0,
BUY,REBALANCE,BANKBEES,BANKBEES,2021-01-01,,,313.65,,797.6625,,20.0,
SELL,HOLD_DROPPED_OUT,SETFNIF50,SETFNIF50,2021-01-01,2021-02-01,31.0,141.6639,144.1101,1766.0593,4320.13,20.0,4300.13
SELL,HOLD_DROPPED_OUT,HDFCSENSEX,HDFCSENSEX,2021-01-01,2021-02-01,31.0,51.0232,51.3532,4903.3938,1618.12,20.0,1598.12
SELL,HOLD_DROPPED_OUT,JUNIORBEES,JUNIORBEES,2021-01-01,2021-02-01,31.0,342.19,341.85,731.1343,-248.59,20.0,-268.59
SELL,MONTHLY_REBALANCE,LOWVOLIETF,LOWVOLIETF,2021-01-01,2021-03-01,59.0,11.419,11.713,21909.6981,6441.45,20.0,6421.45
SELL,MONTHLY_REBALANCE,BANKBEES,BANKBEES,2021-01-01,2021-03-01,59.0,313.65,354.96,797.6625,32951.44,20.0,32931.44
BUY,REBALANCE,MIDCAPIETF,MIDCAPIETF,2021-03-01,,,9.0,,28814.3486,,20.0,
BUY,REBALANCE,MID150BEES,MID150BEES,2021-03-01,,,90.39,,2869.0025,,20.0,
BUY,REBALANCE,PSUBANK,PSUBANK,2021-03-01,,,232.36,,1116.0662,,20.0,
BUY,REBALANCE,JUNIORBEES,JUNIORBEES,2021-03-01,,,361.41,,717.5483,,20.0,
BUY,REBALANCE,INFRABEES,INFRABEES,2021-03-01,,,434.47,,596.8862,,20.0,
SELL,MONTHLY_REBALANCE,MIDCAPIETF,MIDCAPIETF,2021-03-01,2021-04-01,31.0,9.0,9.296,28814.3486,8529.05,20.0,8509.05
SELL,MONTHLY_REBALANCE,MID150BEES,MID150BEES,2021-03-01,2021-04-01,31.0,90.39,92.5,2869.0025,6053.6,20.0,6033.6
SELL,MONTHLY_REBALANCE,PSUBANK,PSUBANK,2021-03-01,2021-04-01,31.0,232.36,217.55,1116.0662,-16528.94,20.0,-16548.94
SELL,MONTHLY_REBALANCE,JUNIORBEES,JUNIORBEES,2021-03-01,2021-04-01,31.0,361.41,362.9,717.5483,1069.15,20.0,1049.15
SELL,MONTHLY_REBALANCE,INFRABEES,INFRABEES,2021-03-01,2021-04-01,31.0,434.47,430.31,596.8862,-2483.05,20.0,-2503.05
BUY,REBALANCE,MID150BEES,MID150BEES,2021-04-01,,,92.5,,2795.8603,,20.0,
BUY,REBALANCE,MIDCAPIETF,MIDCAPIETF,2021-04-01,,,9.296,,27820.2533,,20.0,
BUY,REBALANCE,PSUBANK,PSUBANK,2021-04-01,,,217.55,,1188.7707,,20.0,
BUY,REBALANCE,INFRABEES,INFRABEES,2021-04-01,,,430.31,,601.0018,,20.0,
BUY,REBALANCE,JUNIORBEES,JUNIORBEES,2021-04-01,,,362.9,,712.6401,,20.0,
SELL,TSL_HIT (12.6%),PSUBANK,PSUBANK,2021-04-01,2021-04-19,18.0,217.55,190.17,1188.7707,-32548.54,20.0,-32568.54
SELL,MONTHLY_REBALANCE,MID150BEES,MID150BEES,2021-04-01,2021-05-03,32.0,92.5,92.4,2795.8603,-279.59,20.0,-299.59
SELL,MONTHLY_REBALANCE,MIDCAPIETF,MIDCAPIETF,2021-04-01,2021-05-03,32.0,9.296,9.216,27820.2533,-2225.62,20.0,-2245.62
SELL,MONTHLY_REBALANCE,INFRABEES,INFRABEES,2021-04-01,2021-05-03,32.0,430.31,420.4,601.0018,-5955.93,20.0,-5975.93
SELL,MONTHLY_REBALANCE,JUNIORBEES,JUNIORBEES,2021-04-01,2021-05-03,32.0,362.9,366.46,712.6401,2537.0,20.0,2517.0
BUY,REBALANCE,MID150BEES,MID150BEES,2021-05-03,,,92.4,,2715.4201,,20.0,
BUY,REBALANCE,MIDCAPIETF,MIDCAPIETF,2021-05-03,,,9.216,,27224.9152,,20.0,
BUY,REBALANCE,CPSEETF,CPSEETF,2021-05-03,,,23.13,,10847.5927,,20.0,
BUY,REBALANCE,JUNIORBEES,JUNIORBEES,2021-05-03,,,366.46,,684.6718,,20.0,
BUY,REBALANCE,INFRABEES,INFRABEES,2021-05-03,,,420.4,,596.824,,20.0,
SELL,MONTHLY_REBALANCE,MID150BEES,MID150BEES,2021-05-03,2021-06-01,29.0,92.4,98.13,2715.4201,15559.36,20.0,15539.36
SELL,MONTHLY_REBALANCE,MIDCAPIETF,MIDCAPIETF,2021-05-03,2021-06-01,29.0,9.216,9.742,27224.9152,14320.31,20.0,14300.31
SELL,MONTHLY_REBALANCE,CPSEETF,CPSEETF,2021-05-03,2021-06-01,29.0,23.13,25.01,10847.5927,20393.47,20.0,20373.47
SELL,MONTHLY_REBALANCE,JUNIORBEES,JUNIORBEES,2021-05-03,2021-06-01,29.0,366.46,394.21,684.6718,18999.64,20.0,18979.64
SELL,MONTHLY_REBALANCE,INFRABEES,INFRABEES,2021-05-03,2021-06-01,29.0,420.4,446.96,596.824,15851.65,20.0,15831.65
BUY,REBALANCE,LICNETFN50,LICNETFN50,2021-06-01,,,195.91,,1367.412,,20.0,
BUY,REBALANCE,MIDCAPIETF,MIDCAPIETF,2021-06-01,,,9.742,,27498.4276,,20.0,
BUY,REBALANCE,LOWVOLIETF,LOWVOLIETF,2021-06-01,,,12.686,,21116.9542,,20.0,
BUY,REBALANCE,JUNIORBEES,JUNIORBEES,2021-06-01,,,394.21,,679.5608,,20.0,
BUY,REBALANCE,SBIETFQLTY,SBIETFQLTY,2021-06-01,,,134.22,,1995.8999,,20.0,
SELL,MONTHLY_REBALANCE,LICNETFN50,LICNETFN50,2021-06-01,2021-07-01,30.0,195.91,200.62,1367.412,6440.51,20.0,6420.51
SELL,MONTHLY_REBALANCE,MIDCAPIETF,MIDCAPIETF,2021-06-01,2021-07-01,30.0,9.742,10.278,27498.4276,14739.16,20.0,14719.16
SELL,MONTHLY_REBALANCE,LOWVOLIETF,LOWVOLIETF,2021-06-01,2021-07-01,30.0,12.686,12.964,21116.9542,5870.51,20.0,5850.51
SELL,MONTHLY_REBALANCE,JUNIORBEES,JUNIORBEES,2021-06-01,2021-07-01,30.0,394.21,403.25,679.5608,6143.23,20.0,6123.23
SELL,MONTHLY_REBALANCE,SBIETFQLTY,SBIETFQLTY,2021-06-01,2021-07-01,30.0,134.22,138.91,1995.8999,9360.77,20.0,9340.77
BUY,REBALANCE,LICNETFN50,LICNETFN50,2021-07-01,,,200.62,,1377.5321,,20.0,
BUY,REBALANCE,MIDCAPIETF,MIDCAPIETF,2021-07-01,,,10.278,,26888.5477,,20.0,
BUY,REBALANCE,LOWVOLIETF,LOWVOLIETF,2021-07-01,,,12.964,,21317.5327,,20.0,
BUY,REBALANCE,JUNIORBEES,JUNIORBEES,2021-07-01,,,403.25,,685.3329,,20.0,
BUY,REBALANCE,ITBEES,ITBEES,2021-07-01,,,29.47,,9377.689,,20.0,
SELL,MONTHLY_REBALANCE,LICNETFN50,LICNETFN50,2021-07-01,2021-08-02,32.0,200.62,169.15,1377.5321,-43350.94,20.0,-43370.94
SELL,MONTHLY_REBALANCE,MIDCAPIETF,MIDCAPIETF,2021-07-01,2021-08-02,32.0,10.278,10.708,26888.5477,11562.08,20.0,11542.08
SELL,MONTHLY_REBALANCE,LOWVOLIETF,LOWVOLIETF,2021-07-01,2021-08-02,32.0,12.964,13.118,21317.5327,3282.9,20.0,3262.9
SELL,MONTHLY_REBALANCE,JUNIORBEES,JUNIORBEES,2021-07-01,2021-08-02,32.0,403.25,416.48,685.3329,9066.95,20.0,9046.95
SELL,MONTHLY_REBALANCE,ITBEES,ITBEES,2021-07-01,2021-08-02,32.0,29.47,31.33,9377.689,17442.5,20.0,17422.5
BUY,REBALANCE,MID150BEES,MID150BEES,2021-08-02,,,107.5,,2566.7086,,20.0,
BUY,REBALANCE,SBIETFQLTY,SBIETFQLTY,2021-08-02,,,142.74,,1933.0333,,20.0,
BUY,REBALANCE,MIDCAPIETF,MIDCAPIETF,2021-08-02,,,10.708,,25767.7596,,20.0,
BUY,REBALANCE,JUNIORBEES,JUNIORBEES,2021-08-02,,,416.48,,662.5076,,20.0,
BUY,REBALANCE,ITBEES,ITBEES,2021-08-02,,,31.33,,8806.9317,,20.0,
SELL,MONTHLY_REBALANCE,MID150BEES,MID150BEES,2021-08-02,2021-09-01,30.0,107.5,109.34,2566.7086,4722.74,20.0,4702.74
SELL,MONTHLY_REBALANCE,SBIETFQLTY,SBIETFQLTY,2021-08-02,2021-09-01,30.0,142.74,151.36,1933.0333,16662.75,20.0,16642.75
SELL,MONTHLY_REBALANCE,MIDCAPIETF,MIDCAPIETF,2021-08-02,2021-09-01,30.0,10.708,10.871,25767.7596,4200.14,20.0,4180.14
SELL,MONTHLY_REBALANCE,JUNIORBEES,JUNIORBEES,2021-08-02,2021-09-01,30.0,416.48,438.14,662.5076,14349.91,20.0,14329.91
SELL,MONTHLY_REBALANCE,ITBEES,ITBEES,2021-08-02,2021-09-01,30.0,31.33,34.78,8806.9317,30383.91,20.0,30363.91
BUY,REBALANCE,SBIETFIT,SBIETFIT,2021-09-01,,,347.95,,833.2951,,20.0,
BUY,REBALANCE,ITBEES,ITBEES,2021-09-01,,,34.78,,8336.5451,,20.0,
BUY,REBALANCE,SBIETFQLTY,SBIETFQLTY,2021-09-01,,,151.36,,1915.5988,,20.0,
BUY,REBALANCE,LOWVOLIETF,LOWVOLIETF,2021-09-01,,,13.944,,20793.5341,,20.0,
BUY,REBALANCE,JUNIORBEES,JUNIORBEES,2021-09-01,,,438.14,,661.7635,,20.0,
SELL,MONTHLY_REBALANCE,SBIETFIT,SBIETFIT,2021-09-01,2021-10-01,30.0,347.95,354.09,833.2951,5116.43,20.0,5096.43
SELL,MONTHLY_REBALANCE,ITBEES,ITBEES,2021-09-01,2021-10-01,30.0,34.78,35.43,8336.5451,5418.75,20.0,5398.75
SELL,MONTHLY_REBALANCE,SBIETFQLTY,SBIETFQLTY,2021-09-01,2021-10-01,30.0,151.36,155.99,1915.5988,8869.22,20.0,8849.22
SELL,MONTHLY_REBALANCE,LOWVOLIETF,LOWVOLIETF,2021-09-01,2021-10-01,30.0,13.944,14.432,20793.5341,10147.24,20.0,10127.24
SELL,MONTHLY_REBALANCE,JUNIORBEES,JUNIORBEES,2021-09-01,2021-10-01,30.0,438.14,443.55,661.7635,3580.14,20.0,3560.14
BUY,REBALANCE,LOWVOLIETF,LOWVOLIETF,2021-10-01,,,14.432,,20546.7971,,20.0,
BUY,REBALANCE,SETFNIF50,SETFNIF50,2021-10-01,,,179.07,,1655.9523,,20.0,
BUY,REBALANCE,ITBEES,ITBEES,2021-10-01,,,35.43,,8369.4997,,20.0,
BUY,REBALANCE,SBIETFQLTY,SBIETFQLTY,2021-10-01,,,155.99,,1900.964,,20.0,
BUY,REBALANCE,INFRABEES,INFRABEES,2021-10-01,,,519.62,,570.6697,,20.0,
SELL,MONTHLY_REBALANCE,LOWVOLIETF,LOWVOLIETF,2021-10-01,2021-11-01,31.0,14.432,14.125,20546.7971,-6307.87,20.0,-6327.87
SELL,MONTHLY_REBALANCE,SETFNIF50,SETFNIF50,2021-10-01,2021-11-01,31.0,179.07,183.31,1655.9523,7021.24,20.0,7001.24
SELL,MONTHLY_REBALANCE,ITBEES,ITBEES,2021-10-01,2021-11-01,31.0,35.43,35.97,8369.4997,4519.53,20.0,4499.53
SELL,MONTHLY_REBALANCE,SBIETFQLTY,SBIETFQLTY,2021-10-01,2021-11-01,31.0,155.99,154.49,1900.964,-2851.45,20.0,-2871.45
SELL,MONTHLY_REBALANCE,INFRABEES,INFRABEES,2021-10-01,2021-11-01,31.0,519.62,532.95,570.6697,7607.03,20.0,7587.03
BUY,REBALANCE,NIFTY1,NIFTY1,2021-11-01,,,189.22,,1577.4709,,20.0,
BUY,REBALANCE,HDFCSENSEX,HDFCSENSEX,2021-11-01,,,64.794,,4606.739,,20.0,
BUY,REBALANCE,INFRABEES,INFRABEES,2021-11-01,,,532.95,,560.0695,,20.0,
BUY,REBALANCE,ITBEES,ITBEES,2021-11-01,,,35.97,,8298.2777,,20.0,
BUY,REBALANCE,LOWVOLIETF,LOWVOLIETF,2021-11-01,,,14.125,,21131.9681,,20.0,
SELL,HOLD_DROPPED_OUT,HDFCSENSEX,HDFCSENSEX,2021-11-01,2021-12-01,30.0,64.794,63.447,4606.739,-6205.28,20.0,-6225.28
SELL,HOLD_DROPPED_OUT,LOWVOLIETF,LOWVOLIETF,2021-11-01,2021-12-01,30.0,14.125,13.732,21131.9681,-8304.86,20.0,-8324.86
SELL,HOLD_DROPPED_OUT,NIFTY1,NIFTY1,2021-11-01,2021-12-01,30.0,189.22,181.09,1577.4709,-12824.84,20.0,-12844.84
SELL,TSL_HIT (10.7%),INFRABEES,INFRABEES,2021-11-01,2021-12-20,49.0,532.95,494.16,560.0695,-21725.1,20.0,-21745.1
SELL,MONTHLY_REBALANCE,ITBEES,ITBEES,2021-11-01,2022-01-03,63.0,35.97,40.0,8298.2777,33442.06,20.0,33422.06
BUY,REBALANCE,SBIETFIT,SBIETFIT,2022-01-03,,,400.65,,737.7378,,20.0,
BUY,REBALANCE,ITBEES,ITBEES,2022-01-03,,,40.0,,7389.3667,,20.0,
BUY,REBALANCE,SBIETFQLTY,SBIETFQLTY,2022-01-03,,,158.36,,1866.473,,20.0,
BUY,REBALANCE,MIDCAPIETF,MIDCAPIETF,2022-01-03,,,11.831,,24983.0672,,20.0,
BUY,REBALANCE,AXISGOLD,AXISGOLD,2022-01-03,,,41.76,,7077.9375,,20.0,
SELL,TSL_HIT (10.3%),SBIETFIT,SBIETFIT,2022-01-03,2022-01-24,21.0,400.65,359.2,737.7378,-30579.23,20.0,-30599.23
SELL,TSL_HIT (10.7%),ITBEES,ITBEES,2022-01-03,2022-01-24,21.0,40.0,35.73,7389.3667,-31552.6,20.0,-31572.6
SELL,HOLD_DROPPED_OUT,SBIETFQLTY,SBIETFQLTY,2022-01-03,2022-02-01,29.0,158.36,149.5,1866.473,-16536.95,20.0,-16556.95
SELL,HOLD_DROPPED_OUT,MIDCAPIETF,MIDCAPIETF,2022-01-03,2022-02-01,29.0,11.831,11.677,24983.0672,-3847.39,20.0,-3867.39
SELL,HOLD_DROPPED_OUT,AXISGOLD,AXISGOLD,2022-01-03,2022-02-01,29.0,41.76,41.62,7077.9375,-990.91,20.0,-1010.91
BUY,REBALANCE,CONSUMBEES,CONSUMBEES,2022-09-01,,,86.77,,3239.267,,20.0,
BUY,REBALANCE,FMCGIETF,FMCGIETF,2022-09-01,,,44.273,,6348.5917,,20.0,
BUY,REBALANCE,AUTOIETF,AUTOIETF,2022-09-01,,,13.386,,20997.4001,,20.0,
BUY,REBALANCE,JUNIORBEES,JUNIORBEES,2022-09-01,,,461.19,,609.4477,,20.0,
BUY,REBALANCE,PSUBNKBEES,PSUBNKBEES,2022-09-01,,,33.59,,8367.7046,,20.0,
SELL,HOLD_DROPPED_OUT,AUTOIETF,AUTOIETF,2022-09-01,2022-10-03,32.0,13.386,12.539,20997.4001,-17784.8,20.0,-17804.8
SELL,HOLD_DROPPED_OUT,PSUBNKBEES,PSUBNKBEES,2022-09-01,2022-10-03,32.0,33.59,32.32,8367.7046,-10626.98,20.0,-10646.98
SELL,MONTHLY_REBALANCE,CONSUMBEES,CONSUMBEES,2022-09-01,2022-11-01,61.0,86.77,87.08,3239.267,1004.17,20.0,984.17
SELL,MONTHLY_REBALANCE,FMCGIETF,FMCGIETF,2022-09-01,2022-11-01,61.0,44.273,45.418,6348.5917,7269.14,20.0,7249.14
SELL,MONTHLY_REBALANCE,JUNIORBEES,JUNIORBEES,2022-09-01,2022-11-01,61.0,461.19,454.77,609.4477,-3912.65,20.0,-3932.65
BUY,REBALANCE,PSUBANK,PSUBANK,2022-11-01,,,341.07,,810.1918,,20.0,
BUY,REBALANCE,ICICIB22,ICICIB22,2022-11-01,,,56.33,,4905.594,,20.0,
BUY,REBALANCE,PVTBANIETF,PVTBANIETF,2022-11-01,,,20.952,,13188.8176,,20.0,
BUY,REBALANCE,BANKBEES,BANKBEES,2022-11-01,,,417.4,,662.0319,,20.0,
BUY,REBALANCE,CPSEETF,CPSEETF,2022-11-01,,,38.78,,7125.6345,,20.0,
SELL,MONTHLY_REBALANCE,PSUBANK,PSUBANK,2022-11-01,2022-12-01,30.0,341.07,406.6,810.1918,53091.87,20.0,53071.87
SELL,MONTHLY_REBALANCE,ICICIB22,ICICIB22,2022-11-01,2022-12-01,30.0,56.33,57.32,4905.594,4856.54,20.0,4836.54
SELL,MONTHLY_REBALANCE,PVTBANIETF,PVTBANIETF,2022-11-01,2022-12-01,30.0,20.952,21.756,13188.8176,10603.81,20.0,10583.81
SELL,MONTHLY_REBALANCE,BANKBEES,BANKBEES,2022-11-01,2022-12-01,30.0,417.4,436.7,662.0319,12777.22,20.0,12757.22
SELL,MONTHLY_REBALANCE,CPSEETF,CPSEETF,2022-11-01,2022-12-01,30.0,38.78,38.64,7125.6345,-997.59,20.0,-1017.59
BUY,REBALANCE,PSUBNKBEES,PSUBNKBEES,2022-12-01,,,45.18,,6470.9706,,20.0,
BUY,REBALANCE,SETFNIFBK,SETFNIFBK,2022-12-01,,,433.22,,674.8499,,20.0,
BUY,REBALANCE,BANKBEES,BANKBEES,2022-12-01,,,436.7,,669.4721,,20.0,
BUY,REBALANCE,PVTBANIETF,PVTBANIETF,2022-12-01,,,21.756,,13438.0609,,20.0,
BUY,REBALANCE,HDFCSENSEX,HDFCSENSEX,2022-12-01,,,68.733,,4253.5384,,20.0,
SELL,HOLD_DROPPED_OUT,HDFCSENSEX,HDFCSENSEX,2022-12-01,2023-01-02,32.0,68.733,66.51,4253.5384,-9455.62,20.0,-9475.62
SELL,HOLD_DROPPED_OUT,PSUBNKBEES,PSUBNKBEES,2022-12-01,2023-01-02,32.0,45.18,48.24,6470.9706,19801.17,20.0,19781.17
SELL,HOLD_DROPPED_OUT,PVTBANIETF,PVTBANIETF,2022-12-01,2023-02-01,62.0,21.756,20.54,13438.0609,-16340.68,20.0,-16360.68
SELL,HOLD_DROPPED_OUT,SETFNIFBK,SETFNIFBK,2022-12-01,2023-02-01,62.0,433.22,406.62,674.8499,-17951.01,20.0,-17971.01
SELL,HOLD_DROPPED_OUT,BANKBEES,BANKBEES,2022-12-01,2023-02-01,62.0,436.7,410.42,669.4721,-17593.73,20.0,-17613.73
BUY,REBALANCE,MAFANG,MAFANG,2023-06-01,,,58.57,,4872.7287,,20.0,
BUY,REBALANCE,FMCGIETF,FMCGIETF,2023-06-01,,,52.512,,5434.8667,,20.0,
BUY,REBALANCE,GILT5YBEES,GILT5YBEES,2023-06-01,,,52.48,,5438.1807,,20.0,
BUY,REBALANCE,MIDCAPIETF,MIDCAPIETF,2023-06-01,,,12.909,,22108.275,,20.0,
BUY,REBALANCE,MOMOMENTUM,MOMOMENTUM,2023-06-01,,,41.14,,6937.1833,,20.0,
SELL,MONTHLY_REBALANCE,MAFANG,MAFANG,2023-06-01,2023-07-03,32.0,58.57,62.87,4872.7287,20952.73,20.0,20932.73
SELL,MONTHLY_REBALANCE,FMCGIETF,FMCGIETF,2023-06-01,2023-07-03,32.0,52.512,54.32,5434.8667,9826.24,20.0,9806.24
SELL,MONTHLY_REBALANCE,GILT5YBEES,GILT5YBEES,2023-06-01,2023-07-03,32.0,52.48,52.45,5438.1807,-163.15,20.0,-183.15
SELL,MONTHLY_REBALANCE,MIDCAPIETF,MIDCAPIETF,2023-06-01,2023-07-03,32.0,12.909,13.707,22108.275,17642.4,20.0,17622.4
SELL,MONTHLY_REBALANCE,MOMOMENTUM,MOMOMENTUM,2023-06-01,2023-07-03,32.0,41.14,42.92,6937.1833,12348.19,20.0,12328.19
BUY,REBALANCE,AUTOBEES,AUTOBEES,2023-07-03,,,153.06,,1943.5318,,20.0,
BUY,REBALANCE,MOM100,MOM100,2023-07-03,,,38.11,,7805.7461,,20.0,
BUY,REBALANCE,MIDCAPIETF,MIDCAPIETF,2023-07-03,,,13.707,,21702.5595,,20.0,
BUY,REBALANCE,FINIETF,FINIETF,2023-07-03,,,19.19,,15501.6666,,20.0,
BUY,REBALANCE,FMCGIETF,FMCGIETF,2023-07-03,,,54.32,,5476.3804,,20.0,
SELL,MONTHLY_REBALANCE,AUTOBEES,AUTOBEES,2023-07-03,2023-08-01,29.0,153.06,157.68,1943.5318,8979.12,20.0,8959.12
SELL,MONTHLY_REBALANCE,MOM100,MOM100,2023-07-03,2023-08-01,29.0,38.11,40.17,7805.7461,16079.84,20.0,16059.84
SELL,MONTHLY_REBALANCE,MIDCAPIETF,MIDCAPIETF,2023-07-03,2023-08-01,29.0,13.707,14.464,21702.5595,16428.84,20.0,16408.84
SELL,MONTHLY_REBALANCE,FINIETF,FINIETF,2023-07-03,2023-08-01,29.0,19.19,19.57,15501.6666,5890.63,20.0,5870.63
SELL,MONTHLY_REBALANCE,FMCGIETF,FMCGIETF,2023-07-03,2023-08-01,29.0,54.32,54.231,5476.3804,-487.4,20.0,-507.4
BUY,REBALANCE,MOM100,MOM100,2023-08-01,,,40.17,,7637.918,,20.0,
BUY,REBALANCE,MIDCAPIETF,MIDCAPIETF,2023-08-01,,,14.464,,21212.3317,,20.0,
BUY,REBALANCE,AUTOIETF,AUTOIETF,2023-08-01,,,15.888,,19311.1257,,20.0,
BUY,REBALANCE,PHARMABEES,PHARMABEES,2023-08-01,,,15.2,,20185.2082,,20.0,
BUY,REBALANCE,LOWVOLIETF,LOWVOLIETF,2023-08-01,,,16.329,,18789.587,,20.0,
SELL,MONTHLY_REBALANCE,MOM100,MOM100,2023-08-01,2023-09-01,31.0,40.17,41.99,7637.918,13901.01,20.0,13881.01
SELL,MONTHLY_REBALANCE,MIDCAPIETF,MIDCAPIETF,2023-08-01,2023-09-01,31.0,14.464,15.11,21212.3317,13703.17,20.0,13683.17
SELL,MONTHLY_REBALANCE,AUTOIETF,AUTOIETF,2023-08-01,2023-09-01,31.0,15.888,16.179,19311.1257,5619.54,20.0,5599.54
SELL,MONTHLY_REBALANCE,PHARMABEES,PHARMABEES,2023-08-01,2023-09-01,31.0,15.2,15.25,20185.2082,1009.26,20.0,989.26
SELL,MONTHLY_REBALANCE,LOWVOLIETF,LOWVOLIETF,2023-08-01,2023-09-01,31.0,16.329,16.1,18789.587,-4302.82,20.0,-4322.82
BUY,REBALANCE,MID150BEES,MID150BEES,2023-09-01,,,151.19,,2068.6631,,20.0,
BUY,REBALANCE,MIDCAPIETF,MIDCAPIETF,2023-09-01,,,15.11,,20698.9526,,20.0,
BUY,REBALANCE,PHARMABEES,PHARMABEES,2023-09-01,,,15.25,,20508.9294,,20.0,
BUY,REBALANCE,INFRABEES,INFRABEES,2023-09-01,,,623.7,,501.4609,,20.0,
BUY,REBALANCE,CPSEETF,CPSEETF,2023-09-01,,,49.41,,6329.9165,,20.0,
SELL,MONTHLY_REBALANCE,MID150BEES,MID150BEES,2023-09-01,2023-10-03,32.0,151.19,154.95,2068.6631,7778.17,20.0,7758.17
SELL,MONTHLY_REBALANCE,MIDCAPIETF,MIDCAPIETF,2023-09-01,2023-10-03,32.0,15.11,15.54,20698.9526,8900.55,20.0,8880.55
SELL,MONTHLY_REBALANCE,PHARMABEES,PHARMABEES,2023-09-01,2023-10-03,32.0,15.25,15.53,20508.9294,5742.5,20.0,5722.5
SELL,MONTHLY_REBALANCE,INFRABEES,INFRABEES,2023-09-01,2023-10-03,32.0,623.7,648.13,501.4609,12250.69,20.0,12230.69
SELL,MONTHLY_REBALANCE,CPSEETF,CPSEETF,2023-09-01,2023-10-03,32.0,49.41,52.88,6329.9165,21964.81,20.0,21944.81
BUY,REBALANCE,HDFCSML250,HDFCSML250,2023-10-03,,,123.43,,2625.3625,,20.0,
BUY,REBALANCE,MIDCAPIETF,MIDCAPIETF,2023-10-03,,,15.54,,20852.5416,,20.0,
BUY,REBALANCE,CPSEETF,CPSEETF,2023-10-03,,,52.88,,6127.9973,,20.0,
BUY,REBALANCE,PSUBNKBEES,PSUBNKBEES,2023-10-03,,,59.8,,5418.8712,,20.0,
BUY,REBALANCE,INFRABEES,INFRABEES,2023-10-03,,,648.13,,499.9745,,20.0,
SELL,TSL_HIT (11.8%),PSUBNKBEES,PSUBNKBEES,2023-10-03,2023-10-23,20.0,59.8,52.76,5418.8712,-38148.85,20.0,-38168.85
SELL,HOLD_DROPPED_OUT,INFRABEES,INFRABEES,2023-10-03,2023-11-01,29.0,648.13,630.4,499.9745,-8864.55,20.0,-8884.55
SELL,MONTHLY_REBALANCE,HDFCSML250,HDFCSML250,2023-10-03,2023-12-01,59.0,123.43,133.57,2625.3625,26621.18,20.0,26601.18
SELL,MONTHLY_REBALANCE,MIDCAPIETF,MIDCAPIETF,2023-10-03,2023-12-01,59.0,15.54,16.487,20852.5416,19747.36,20.0,19727.36
SELL,MONTHLY_REBALANCE,CPSEETF,CPSEETF,2023-10-03,2023-12-01,59.0,52.88,59.07,6127.9973,37932.3,20.0,37912.3
BUY,REBALANCE,CPSEETF,CPSEETF,2023-12-01,,,59.07,,5613.9591,,20.0,
BUY,REBALANCE,HDFCSML250,HDFCSML250,2023-12-01,,,133.57,,2482.7174,,20.0,
BUY,REBALANCE,AUTOBEES,AUTOBEES,2023-12-01,,,177.79,,1865.2149,,20.0,
BUY,REBALANCE,MIDCAPIETF,MIDCAPIETF,2023-12-01,,,16.487,,20113.8208,,20.0,
BUY,REBALANCE,INFRABEES,INFRABEES,2023-12-01,,,689.76,,480.7709,,20.0,
SELL,MONTHLY_REBALANCE,CPSEETF,CPSEETF,2023-12-01,2024-01-01,31.0,59.07,67.17,5613.9591,45473.07,20.0,45453.07
SELL,MONTHLY_REBALANCE,HDFCSML250,HDFCSML250,2023-12-01,2024-01-01,31.0,133.57,141.97,2482.7174,20854.83,20.0,20834.83
SELL,MONTHLY_REBALANCE,AUTOBEES,AUTOBEES,2023-12-01,2024-01-01,31.0,177.79,189.04,1865.2149,20983.67,20.0,20963.67
SELL,MONTHLY_REBALANCE,MIDCAPIETF,MIDCAPIETF,2023-12-01,2024-01-01,31.0,16.487,17.565,20113.8208,21682.7,20.0,21662.7
SELL,MONTHLY_REBALANCE,INFRABEES,INFRABEES,2023-12-01,2024-01-01,31.0,689.76,757.41,480.7709,32524.15,20.0,32504.15
BUY,REBALANCE,CPSEETF,CPSEETF,2024-01-01,,,67.17,,5357.7523,,20.0,
BUY,REBALANCE,ICICIB22,ICICIB22,2024-01-01,,,91.63,,3927.5371,,20.0,
BUY,REBALANCE,INFRABEES,INFRABEES,2024-01-01,,,757.41,,475.1459,,20.0,
BUY,REBALANCE,LOWVOLIETF,LOWVOLIETF,2024-01-01,,,18.73,,19214.1071,,20.0,
BUY,REBALANCE,MOMENTUM,MOMENTUM,2024-01-01,,,27.62,,13029.6968,,20.0,
SELL,MONTHLY_REBALANCE,CPSEETF,CPSEETF,2024-01-01,2024-02-01,31.0,67.17,74.76,5357.7523,40665.34,20.0,40645.34
SELL,MONTHLY_REBALANCE,ICICIB22,ICICIB22,2024-01-01,2024-02-01,31.0,91.63,96.11,3927.5371,17595.37,20.0,17575.37
SELL,MONTHLY_REBALANCE,INFRABEES,INFRABEES,2024-01-01,2024-02-01,31.0,757.41,811.29,475.1459,25600.86,20.0,25580.86
SELL,MONTHLY_REBALANCE,LOWVOLIETF,LOWVOLIETF,2024-01-01,2024-02-01,31.0,18.73,18.825,19214.1071,1825.34,20.0,1805.34
SELL,MONTHLY_REBALANCE,MOMENTUM,MOMENTUM,2024-01-01,2024-02-01,31.0,27.62,29.05,13029.6968,18632.47,20.0,18612.47
BUY,REBALANCE,CPSEETF,CPSEETF,2024-02-01,,,74.76,,5092.3499,,20.0,
BUY,REBALANCE,INFRABEES,INFRABEES,2024-02-01,,,811.29,,469.2577,,20.0,
BUY,REBALANCE,ALPL30IETF,ALPL30IETF,2024-02-01,,,24.889,,15296.0776,,20.0,
BUY,REBALANCE,MOMENTUM,MOMENTUM,2024-02-01,,,29.05,,13105.1317,,20.0,
BUY,REBALANCE,JUNIORBEES,JUNIORBEES,2024-02-01,,,589.92,,645.3487,,20.0,
SELL,MONTHLY_REBALANCE,CPSEETF,CPSEETF,2024-02-01,2024-03-01,29.0,74.76,81.58,5092.3499,34729.83,20.0,34709.83
SELL,MONTHLY_REBALANCE,INFRABEES,INFRABEES,2024-02-01,2024-03-01,29.0,811.29,852.99,469.2577,19568.05,20.0,19548.05
SELL,MONTHLY_REBALANCE,ALPL30IETF,ALPL30IETF,2024-02-01,2024-03-01,29.0,24.889,26.549,15296.0776,25391.49,20.0,25371.49
SELL,MONTHLY_REBALANCE,MOMENTUM,MOMENTUM,2024-02-01,2024-03-01,29.0,29.05,30.69,13105.1317,21492.42,20.0,21472.42
SELL,MONTHLY_REBALANCE,JUNIORBEES,JUNIORBEES,2024-02-01,2024-03-01,29.0,589.92,632.47,645.3487,27459.59,20.0,27439.59
BUY,REBALANCE,ALPL30IETF,ALPL30IETF,2024-03-01,,,26.549,,15307.2555,,20.0,
BUY,REBALANCE,CPSEETF,CPSEETF,2024-03-01,,,81.58,,4981.5191,,20.0,
BUY,REBALANCE,JUNIORBEES,JUNIORBEES,2024-03-01,,,632.47,,642.548,,20.0,
BUY,REBALANCE,INFRABEES,INFRABEES,2024-03-01,,,852.99,,476.4327,,20.0,
BUY,REBALANCE,MOMENTUM,MOMENTUM,2024-03-01,,,30.69,,13241.8483,,20.0,
SELL,MONTHLY_REBALANCE,ALPL30IETF,ALPL30IETF,2024-03-01,2024-04-01,31.0,26.549,27.076,15307.2555,8066.92,20.0,8046.92
SELL,MONTHLY_REBALANCE,CPSEETF,CPSEETF,2024-03-01,2024-04-01,31.0,81.58,81.37,4981.5191,-1046.12,20.0,-1066.12
SELL,MONTHLY_REBALANCE,JUNIORBEES,JUNIORBEES,2024-03-01,2024-04-01,31.0,632.47,655.78,642.548,14977.79,20.0,14957.79
SELL,MONTHLY_REBALANCE,INFRABEES,INFRABEES,2024-03-01,2024-04-01,31.0,852.99,872.91,476.4327,9490.54,20.0,9470.54
SELL,MONTHLY_REBALANCE,MOMENTUM,MOMENTUM,2024-03-01,2024-04-01,31.0,30.69,31.63,13241.8483,12447.34,20.0,12427.34
BUY,REBALANCE,ALPL30IETF,ALPL30IETF,2024-04-01,,,27.076,,15332.383,,20.0,
BUY,REBALANCE,AUTOBEES,AUTOBEES,2024-04-01,,,217.5,,1908.6878,,20.0,
BUY,REBALANCE,JUNIORBEES,JUNIORBEES,2024-04-01,,,655.78,,633.0471,,20.0,
BUY,REBALANCE,INFRABEES,INFRABEES,2024-04-01,,,872.91,,475.5812,,20.0,
BUY,REBALANCE,MOMENTUM,MOMENTUM,2024-04-01,,,31.63,,13124.8688,,20.0,
SELL,MONTHLY_REBALANCE,ALPL30IETF,ALPL30IETF,2024-04-01,2024-05-02,31.0,27.076,27.369,15332.383,4492.39,20.0,4472.39
SELL,MONTHLY_REBALANCE,AUTOBEES,AUTOBEES,2024-04-01,2024-05-02,31.0,217.5,230.74,1908.6878,25271.03,20.0,25251.03
SELL,MONTHLY_REBALANCE,JUNIORBEES,JUNIORBEES,2024-04-01,2024-05-02,31.0,655.78,700.57,633.0471,28354.18,20.0,28334.18
SELL,MONTHLY_REBALANCE,INFRABEES,INFRABEES,2024-04-01,2024-05-02,31.0,872.91,891.87,475.5812,9017.02,20.0,8997.02
SELL,MONTHLY_REBALANCE,MOMENTUM,MOMENTUM,2024-04-01,2024-05-02,31.0,31.63,33.42,13124.8688,23493.52,20.0,23473.52
BUY,REBALANCE,SETFNN50,SETFNN50,2024-05-02,,,695.35,,623.0319,,20.0,
BUY,REBALANCE,JUNIORBEES,JUNIORBEES,2024-05-02,,,700.57,,618.3896,,20.0,
BUY,REBALANCE,AUTOIETF,AUTOIETF,2024-05-02,,,23.08,,18770.5895,,20.0,
BUY,REBALANCE,MOMENTUM,MOMENTUM,2024-05-02,,,33.42,,12963.0522,,20.0,
BUY,REBALANCE,CPSEETF,CPSEETF,2024-05-02,,,88.13,,4915.7518,,20.0,
SELL,MONTHLY_REBALANCE,SETFNN50,SETFNN50,2024-05-02,2024-06-03,32.0,695.35,740.86,623.0319,28354.18,20.0,28334.18
SELL,MONTHLY_REBALANCE,JUNIORBEES,JUNIORBEES,2024-05-02,2024-06-03,32.0,700.57,750.2,618.3896,30690.68,20.0,30670.68
SELL,MONTHLY_REBALANCE,AUTOIETF,AUTOIETF,2024-05-02,2024-06-03,32.0,23.08,24.34,18770.5895,23650.94,20.0,23630.94
SELL,MONTHLY_REBALANCE,MOMENTUM,MOMENTUM,2024-05-02,2024-06-03,32.0,33.42,36.11,12963.0522,34870.61,20.0,34850.61
SELL,MONTHLY_REBALANCE,CPSEETF,CPSEETF,2024-05-02,2024-06-03,32.0,88.13,98.67,4915.7518,51812.02,20.0,51792.02
BUY,REBALANCE,MAKEINDIA,MAKEINDIA,2024-06-03,,,142.73,,3272.3385,,20.0,
BUY,REBALANCE,JUNIORBEES,JUNIORBEES,2024-06-03,,,750.2,,622.5818,,20.0,
BUY,REBALANCE,AUTOIETF,AUTOIETF,2024-06-03,,,24.34,,19189.025,,20.0,
BUY,REBALANCE,SILVERIETF,SILVERIETF,2024-06-03,,,91.74,,5091.1366,,20.0,
BUY,REBALANCE,MOMENTUM,MOMENTUM,2024-06-03,,,36.11,,12934.3913,,20.0,
SELL,MONTHLY_REBALANCE,MAKEINDIA,MAKEINDIA,2024-06-03,2024-07-01,28.0,142.73,148.89,3272.3385,20157.6,20.0,20137.6
SELL,MONTHLY_REBALANCE,JUNIORBEES,JUNIORBEES,2024-06-03,2024-07-01,28.0,750.2,767.87,622.5818,11001.02,20.0,10981.02
SELL,MONTHLY_REBALANCE,AUTOIETF,AUTOIETF,2024-06-03,2024-07-01,28.0,24.34,25.76,19189.025,27248.42,20.0,27228.42
SELL,MONTHLY_REBALANCE,SILVERIETF,SILVERIETF,2024-06-03,2024-07-01,28.0,91.74,88.99,5091.1366,-14000.63,20.0,-14020.63
SELL,MONTHLY_REBALANCE,MOMENTUM,MOMENTUM,2024-06-03,2024-07-01,28.0,36.11,35.86,12934.3913,-3233.6,20.0,-3253.6
BUY,REBALANCE,AUTOIETF,AUTOIETF,2024-07-01,,,25.76,,18449.356,,20.0,
BUY,REBALANCE,SETFNN50,SETFNN50,2024-07-01,,,758.39,,626.6636,,20.0,
BUY,REBALANCE,JUNIORBEES,JUNIORBEES,2024-07-01,,,767.87,,618.9269,,20.0,
BUY,REBALANCE,MIDCAP,MIDCAP,2024-07-01,,,16.087,,29542.8241,,20.0,
BUY,REBALANCE,MNC,MNC,2024-07-01,,,31.01,,15325.8759,,20.0,
SELL,MONTHLY_REBALANCE,AUTOIETF,AUTOIETF,2024-07-01,2024-08-01,31.0,25.76,26.99,18449.356,22692.71,20.0,22672.71
SELL,MONTHLY_REBALANCE,SETFNN50,SETFNN50,2024-07-01,2024-08-01,31.0,758.39,784.28,626.6636,16224.32,20.0,16204.32
SELL,MONTHLY_REBALANCE,JUNIORBEES,JUNIORBEES,2024-07-01,2024-08-01,31.0,767.87,791.5,618.9269,14625.24,20.0,14605.24
SELL,MONTHLY_REBALANCE,MIDCAP,MIDCAP,2024-07-01,2024-08-01,31.0,16.087,16.802,29542.8241,21123.12,20.0,21103.12
SELL,MONTHLY_REBALANCE,MNC,MNC,2024-07-01,2024-08-01,31.0,31.01,31.55,15325.8759,8275.97,20.0,8255.97
BUY,REBALANCE,NIFTYQLITY,NIFTYQLITY,2024-08-01,,,22.75,,21617.7433,,20.0,
BUY,REBALANCE,SBIETFQLTY,SBIETFQLTY,2024-08-01,,,237.15,,2073.8084,,20.0,
BUY,REBALANCE,AUTOIETF,AUTOIETF,2024-08-01,,,26.99,,18221.6991,,20.0,
BUY,REBALANCE,LOWVOLIETF,LOWVOLIETF,2024-08-01,,,22.06,,22293.9102,,20.0,
BUY,REBALANCE,MIDCAP,MIDCAP,2024-08-01,,,16.802,,29270.5428,,20.0,
SELL,MONTHLY_REBALANCE,NIFTYQLITY,NIFTYQLITY,2024-08-01,2024-09-02,32.0,22.75,23.36,21617.7433,13186.82,20.0,13166.82
SELL,MONTHLY_REBALANCE,SBIETFQLTY,SBIETFQLTY,2024-08-01,2024-09-02,32.0,237.15,244.85,2073.8084,15968.32,20.0,15948.32
SELL,MONTHLY_REBALANCE,AUTOIETF,AUTOIETF,2024-08-01,2024-09-02,32.0,26.99,26.62,18221.6991,-6742.03,20.0,-6762.03
SELL,MONTHLY_REBALANCE,LOWVOLIETF,LOWVOLIETF,2024-08-01,2024-09-02,32.0,22.06,22.63,22293.9102,12707.53,20.0,12687.53
SELL,MONTHLY_REBALANCE,MIDCAP,MIDCAP,2024-08-01,2024-09-02,32.0,16.802,16.876,29270.5428,2166.02,20.0,2146.02
BUY,REBALANCE,NIFTYQLITY,NIFTYQLITY,2024-09-02,,,23.36,,21370.7607,,20.0,
BUY,REBALANCE,PHARMABEES,PHARMABEES,2024-09-02,,,23.5,,21243.4455,,20.0,
BUY,REBALANCE,SBIETFQLTY,SBIETFQLTY,2024-09-02,,,244.85,,2038.8849,,20.0,
BUY,REBALANCE,HDFCLOWVOL,HDFCLOWVOL,2024-09-02,,,21.02,,23749.8083,,20.0,
BUY,REBALANCE,ITIETF,ITIETF,2024-09-02,,,45.96,,10862.0751,,20.0,
SELL,MONTHLY_REBALANCE,NIFTYQLITY,NIFTYQLITY,2024-09-02,2024-10-01,29.0,23.36,23.95,21370.7607,12608.75,20.0,12588.75
SELL,MONTHLY_REBALANCE,PHARMABEES,PHARMABEES,2024-09-02,2024-10-01,29.0,23.5,23.79,21243.4455,6160.6,20.0,6140.6
SELL,MONTHLY_REBALANCE,SBIETFQLTY,SBIETFQLTY,2024-09-02,2024-10-01,29.0,244.85,249.96,2038.8849,10418.7,20.0,10398.7
SELL,MONTHLY_REBALANCE,HDFCLOWVOL,HDFCLOWVOL,2024-09-02,2024-10-01,29.0,21.02,21.72,23749.8083,16624.87,20.0,16604.87
SELL,MONTHLY_REBALANCE,ITIETF,ITIETF,2024-09-02,2024-10-01,29.0,45.96,45.31,10862.0751,-7060.35,20.0,-7080.35
BUY,REBALANCE,MOHEALTH,MOHEALTH,2024-10-01,,,44.76,,11325.5465,,20.0,
BUY,REBALANCE,PHARMABEES,PHARMABEES,2024-10-01,,,23.79,,21308.5944,,20.0,
BUY,REBALANCE,HDFCLOWVOL,HDFCLOWVOL,2024-10-01,,,21.72,,23339.3858,,20.0,
BUY,REBALANCE,SBIETFQLTY,SBIETFQLTY,2024-10-01,,,249.96,,2028.0503,,20.0,
BUY,REBALANCE,FMCGIETF,FMCGIETF,2024-10-01,,,68.74,,7374.6212,,20.0,
SELL,HOLD_DROPPED_OUT,SBIETFQLTY,SBIETFQLTY,2024-10-01,2024-11-01,31.0,249.96,228.44,2028.0503,-43643.64,20.0,-43663.64
SELL,HOLD_DROPPED_OUT,FMCGIETF,FMCGIETF,2024-10-01,2024-11-01,31.0,68.74,62.95,7374.6212,-42699.06,20.0,-42719.06
SELL,HOLD_DROPPED_OUT,HDFCLOWVOL,HDFCLOWVOL,2024-10-01,2024-11-01,31.0,21.72,20.08,23339.3858,-38276.59,20.0,-38296.59
SELL,HOLD_DROPPED_OUT,MOHEALTH,MOHEALTH,2024-10-01,2024-11-01,31.0,44.76,44.27,11325.5465,-5549.52,20.0,-5569.52
SELL,HOLD_DROPPED_OUT,PHARMABEES,PHARMABEES,2024-10-01,2024-12-02,62.0,23.79,22.93,21308.5944,-18325.39,20.0,-18345.39
BUY,REBALANCE,EBBETF0433,EBBETF0433,2025-06-02,,,1255.96,,382.8286,,20.0,
BUY,REBALANCE,MODEFENCE,MODEFENCE,2025-06-02,,,95.35,,5042.6582,,20.0,
BUY,REBALANCE,GROWWDEFNC,GROWWDEFNC,2025-06-02,,,87.12,,5519.025,,20.0,
BUY,REBALANCE,TATAGOLD,TATAGOLD,2025-06-02,,,9.45,,50880.154,,20.0,
BUY,REBALANCE,BFSI,BFSI,2025-06-02,,,27.16,,17703.1464,,20.0,
SELL,MONTHLY_REBALANCE,EBBETF0433,EBBETF0433,2025-06-02,2025-07-01,29.0,1255.96,1244.84,382.8286,-4257.05,20.0,-4277.05
SELL,MONTHLY_REBALANCE,MODEFENCE,MODEFENCE,2025-06-02,2025-07-01,29.0,95.35,97.8,5042.6582,12354.51,20.0,12334.51
SELL,MONTHLY_REBALANCE,GROWWDEFNC,GROWWDEFNC,2025-06-02,2025-07-01,29.0,87.12,89.27,5519.025,11865.9,20.0,11845.9
SELL,MONTHLY_REBALANCE,TATAGOLD,TATAGOLD,2025-06-02,2025-07-01,29.0,9.45,9.5,50880.154,2544.01,20.0,2524.01
SELL,MONTHLY_REBALANCE,BFSI,BFSI,2025-06-02,2025-07-01,29.0,27.16,27.95,17703.1464,13985.49,20.0,13965.49
BUY,REBALANCE,MODEFENCE,MODEFENCE,2025-07-01,,,97.8,,4990.5522,,20.0,
BUY,REBALANCE,GROWWDEFNC,GROWWDEFNC,2025-07-01,,,89.27,,5467.4135,,20.0,
BUY,REBALANCE,EBBETF0433,EBBETF0433,2025-07-01,,,1244.84,,392.0793,,20.0,
BUY,REBALANCE,TATAGOLD,TATAGOLD,2025-07-01,,,9.5,,51376.4214,,20.0,
BUY,REBALANCE,FINIETF,FINIETF,2025-07-01,,,31.36,,15563.6481,,20.0,
SELL,TSL_HIT (12.0%),MODEFENCE,MODEFENCE,2025-07-01,2025-07-28,27.0,97.8,86.11,4990.5522,-58339.55,20.0,-58359.55
SELL,TSL_HIT (12.5%),GROWWDEFNC,GROWWDEFNC,2025-07-01,2025-07-28,27.0,89.27,78.12,5467.4135,-60961.66,20.0,-60981.66
SELL,HOLD_DROPPED_OUT,EBBETF0433,EBBETF0433,2025-07-01,2025-08-01,31.0,1244.84,1250.3,392.0793,2140.75,20.0,2120.75
SELL,HOLD_DROPPED_OUT,TATAGOLD,TATAGOLD,2025-07-01,2025-08-01,31.0,9.5,9.6,51376.4214,5137.64,20.0,5117.64
SELL,HOLD_DROPPED_OUT,FINIETF,FINIETF,2025-07-01,2025-08-01,31.0,31.36,29.29,15563.6481,-32216.75,20.0,-32236.75
BUY,REBALANCE,MONQ50,MONQ50,2025-11-03,,,100.42,,4588.6113,,20.0,
BUY,REBALANCE,PSUBNKIETF,PSUBNKIETF,2025-11-03,,,84.51,,5452.4712,,20.0,
BUY,REBALANCE,GOLDETF,GOLDETF,2025-11-03,,,117.47,,3922.6044,,20.0,
BUY,REBALANCE,SILVERIETF,SILVERIETF,2025-11-03,,,148.38,,3105.4613,,20.0,
BUY,REBALANCE,HNGSNGBEES,HNGSNGBEES,2025-11-03,,,525.37,,877.074,,20.0,
SELL,MONTHLY_REBALANCE,MONQ50,MONQ50,2025-11-03,2025-12-01,28.0,100.42,99.92,4588.6113,-2294.31,20.0,-2314.31
SELL,MONTHLY_REBALANCE,PSUBNKIETF,PSUBNKIETF,2025-11-03,2025-12-01,28.0,84.51,86.37,5452.4712,10141.6,20.0,10121.6
SELL,MONTHLY_REBALANCE,GOLDETF,GOLDETF,2025-11-03,2025-12-01,28.0,117.47,125.03,3922.6044,29654.89,20.0,29634.89
SELL,MONTHLY_REBALANCE,SILVERIETF,SILVERIETF,2025-11-03,2025-12-01,28.0,148.38,173.01,3105.4613,76487.51,20.0,76467.51
SELL,MONTHLY_REBALANCE,HNGSNGBEES,HNGSNGBEES,2025-11-03,2025-12-01,28.0,525.37,522.02,877.074,-2938.2,20.0,-2958.2
BUY,REBALANCE,BANKPSU,BANKPSU,2025-12-01,,,85.52,,5647.3179,,20.0,
BUY,REBALANCE,PSUBNKIETF,PSUBNKIETF,2025-12-01,,,86.37,,5591.7405,,20.0,
BUY,REBALANCE,GOLDETF,GOLDETF,2025-12-01,,,125.03,,3862.7419,,20.0,
BUY,REBALANCE,SILVERIETF,SILVERIETF,2025-12-01,,,173.01,,2791.507,,20.0,
BUY,REBALANCE,HDFCNIFBAN,HDFCNIFBAN,2025-12-01,,,61.31,,7877.3222,,20.0,
SELL,MONTHLY_REBALANCE,BANKPSU,BANKPSU,2025-12-01,2026-01-01,31.0,85.52,85.97,5647.3179,2541.29,20.0,2521.29
SELL,MONTHLY_REBALANCE,PSUBNKIETF,PSUBNKIETF,2025-12-01,2026-01-01,31.0,86.37,86.44,5591.7405,391.42,20.0,371.42
SELL,MONTHLY_REBALANCE,GOLDETF,GOLDETF,2025-12-01,2026-01-01,31.0,125.03,129.72,3862.7419,18116.26,20.0,18096.26
SELL,MONTHLY_REBALANCE,SILVERIETF,SILVERIETF,2025-12-01,2026-01-01,31.0,173.01,224.95,2791.507,144990.87,20.0,144970.87
SELL,MONTHLY_REBALANCE,HDFCNIFBAN,HDFCNIFBAN,2025-12-01,2026-01-01,31.0,61.31,61.18,7877.3222,-1024.05,20.0,-1044.05
BUY,REBALANCE,SILVERIETF,SILVERIETF,2026-01-01,,,224.95,,2293.4953,,20.0,
BUY,REBALANCE,TATSILV,TATSILV,2026-01-01,,,21.84,,23622.7911,,20.0,
BUY,REBALANCE,GOLDBETA,GOLDBETA,2026-01-01,,,112.25,,4596.1849,,20.0,
BUY,REBALANCE,PSUBANK,PSUBANK,2026-01-01,,,854.37,,603.8622,,20.0,
BUY,REBALANCE,HDFCNIFBAN,HDFCNIFBAN,2026-01-01,,,61.18,,8432.8499,,20.0,
SELL,HOLD_DROPPED_OUT,SILVERIETF,SILVERIETF,2026-01-01,2026-02-02,32.0,224.95,233.68,2293.4953,20022.21,20.0,20002.21
SELL,HOLD_DROPPED_OUT,GOLDBETA,GOLDBETA,2026-01-01,2026-02-02,32.0,112.25,121.75,4596.1849,43663.76,20.0,43643.76
SELL,HOLD_DROPPED_OUT,PSUBANK,PSUBANK,2026-01-01,2026-02-02,32.0,854.37,857.82,603.8622,2083.32,20.0,2063.32
SELL,HOLD_DROPPED_OUT,HDFCNIFBAN,HDFCNIFBAN,2026-01-01,2026-02-02,32.0,61.18,60.03,8432.8499,-9697.78,20.0,-9717.78
SELL,TSL_HIT (22.9%),TATSILV,TATSILV,2026-01-01,2026-02-02,32.0,21.84,22.35,23622.7911,12047.62,20.0,12027.62
